{
  "type": "FeatureCollection",
  "name": "Madison Square building footprints",
  "source": "New York City Office of Technology and Innovation, Building Footprints",
  "sourceUrl": "https://data.cityofnewyork.us/d/5zhs-2jue",
  "termsUrl": "https://opendata.cityofnewyork.us/overview/#termsofuse",
  "modified": "Subset selected near Madison Square, multipolygons flattened where possible, source roof heights converted from feet to metres, and coordinate precision reduced by Reuters Graphics.",
  "features": [
    {
      "type": "Feature",
      "id": "1015607",
      "geometry": {
        "type": "Polygon",
        "coordinates": [
          [
            [-73.990508, 40.74351],
            [-73.990533, 40.743475],
            [-73.990659, 40.743303],
            [-73.990684, 40.743269],
            [-73.990688, 40.743264],
            [-73.990848, 40.743331],
            [-73.990777, 40.743428],
            [-73.990773, 40.743434],
            [-73.990668, 40.743578],
            [-73.990576, 40.743539],
            [-73.990508, 40.74351]
          ]
        ]
      },
      "properties": {
        "bin": "1015607",
        "name": null,
        "heightMeters": 6.4,
        "constructionYear": 1935
      }
    },
    {
      "type": "Feature",
      "id": "1015652",
      "geometry": {
        "type": "Polygon",
        "coordinates": [
          [
            [-73.988112, 40.74386],
            [-73.98816, 40.743795],
            [-73.988286, 40.743848],
            [-73.988499, 40.743938],
            [-73.988473, 40.743973],
            [-73.988513, 40.74399],
            [-73.988491, 40.74402],
            [-73.988274, 40.743928],
            [-73.988112, 40.74386]
          ]
        ]
      },
      "properties": {
        "bin": "1015652",
        "name": null,
        "heightMeters": 21.9,
        "constructionYear": 1850
      }
    },
    {
      "type": "Feature",
      "id": "1015581",
      "geometry": {
        "type": "Polygon",
        "coordinates": [
          [
            [-73.99033, 40.742306],
            [-73.990489, 40.742088],
            [-73.990569, 40.742121],
            [-73.990431, 40.742311],
            [-73.990403, 40.742351],
            [-73.990322, 40.742317],
            [-73.99033, 40.742306]
          ]
        ]
      },
      "properties": {
        "bin": "1015581",
        "name": null,
        "heightMeters": 16.9,
        "constructionYear": 1862
      }
    },
    {
      "type": "Feature",
      "id": "1015573",
      "geometry": {
        "type": "Polygon",
        "coordinates": [
          [
            [-73.990642, 40.74184],
            [-73.990808, 40.741613],
            [-73.990898, 40.741651],
            [-73.990893, 40.741658],
            [-73.990732, 40.741878],
            [-73.990642, 40.74184]
          ]
        ]
      },
      "properties": {
        "bin": "1015573",
        "name": null,
        "heightMeters": 18.9,
        "constructionYear": 1854
      }
    },
    {
      "type": "Feature",
      "id": "1015596",
      "geometry": {
        "type": "Polygon",
        "coordinates": [
          [
            [-73.990529, 40.743206],
            [-73.990554, 40.743171],
            [-73.990681, 40.742997],
            [-73.990758, 40.743029],
            [-73.990629, 40.743206],
            [-73.990611, 40.743231],
            [-73.990605, 40.743238],
            [-73.990529, 40.743206]
          ]
        ]
      },
      "properties": {
        "bin": "1015596",
        "name": null,
        "heightMeters": 18,
        "constructionYear": 1920
      }
    },
    {
      "type": "Feature",
      "id": "1015627",
      "geometry": {
        "type": "Polygon",
        "coordinates": [
          [
            [-73.989988, 40.744094],
            [-73.990109, 40.743926],
            [-73.990138, 40.743886],
            [-73.99029, 40.743949],
            [-73.990141, 40.744158],
            [-73.989988, 40.744094]
          ]
        ]
      },
      "properties": {
        "bin": "1015627",
        "name": null,
        "heightMeters": 47.7,
        "constructionYear": 1910
      }
    },
    {
      "type": "Feature",
      "id": "1015653",
      "geometry": {
        "type": "Polygon",
        "coordinates": [
          [
            [-73.98807, 40.743918],
            [-73.988112, 40.74386],
            [-73.988274, 40.743928],
            [-73.988491, 40.74402],
            [-73.988469, 40.74405],
            [-73.988408, 40.744024],
            [-73.988388, 40.744052],
            [-73.988263, 40.743999],
            [-73.98807, 40.743918]
          ]
        ]
      },
      "properties": {
        "bin": "1015653",
        "name": null,
        "heightMeters": 21.7,
        "constructionYear": 1853
      }
    },
    {
      "type": "Feature",
      "id": "1015565",
      "geometry": {
        "type": "Polygon",
        "coordinates": [
          [
            [-73.989879, 40.741429],
            [-73.989943, 40.741341],
            [-73.990093, 40.741405],
            [-73.990259, 40.741475],
            [-73.990195, 40.741562],
            [-73.990028, 40.741492],
            [-73.989879, 40.741429]
          ]
        ]
      },
      "properties": {
        "bin": "1015565",
        "name": null,
        "heightMeters": 31.8,
        "constructionYear": 1873
      }
    },
    {
      "type": "Feature",
      "id": "1015579",
      "geometry": {
        "type": "Polygon",
        "coordinates": [
          [
            [-73.990824, 40.742849],
            [-73.990964, 40.742656],
            [-73.990952, 40.742652],
            [-73.990972, 40.742625],
            [-73.991154, 40.742374],
            [-73.991342, 40.742454],
            [-73.99119, 40.742662],
            [-73.991183, 40.742672],
            [-73.991157, 40.742709],
            [-73.991001, 40.742924],
            [-73.990824, 40.742849]
          ]
        ]
      },
      "properties": {
        "bin": "1015579",
        "name": null,
        "heightMeters": 34.2,
        "constructionYear": 1894
      }
    },
    {
      "type": "Feature",
      "id": "1015624",
      "geometry": {
        "type": "Polygon",
        "coordinates": [
          [
            [-73.988513, 40.743319],
            [-73.988598, 40.743354],
            [-73.988934, 40.743491],
            [-73.988909, 40.743622],
            [-73.988906, 40.743635],
            [-73.988905, 40.743635],
            [-73.988871, 40.743644],
            [-73.98859, 40.743529],
            [-73.988405, 40.743453],
            [-73.98841, 40.743446],
            [-73.98843, 40.743417],
            [-73.988503, 40.743315],
            [-73.988513, 40.743319]
          ]
        ]
      },
      "properties": {
        "bin": "1015624",
        "name": null,
        "heightMeters": 90.7,
        "constructionYear": 1913
      }
    },
    {
      "type": "Feature",
      "id": "1015593",
      "geometry": {
        "type": "Polygon",
        "coordinates": [
          [
            [-73.99113, 40.743443],
            [-73.991138, 40.743432],
            [-73.991271, 40.74325],
            [-73.991274, 40.743246],
            [-73.991462, 40.743326],
            [-73.991436, 40.743362],
            [-73.991319, 40.743523],
            [-73.991171, 40.743461],
            [-73.99113, 40.743443]
          ]
        ]
      },
      "properties": {
        "bin": "1015593",
        "name": null,
        "heightMeters": 45.8,
        "constructionYear": 1912
      }
    },
    {
      "type": "Feature",
      "id": "1015595",
      "geometry": {
        "type": "Polygon",
        "coordinates": [
          [
            [-73.99105, 40.743188],
            [-73.990978, 40.743286],
            [-73.990943, 40.743334],
            [-73.990922, 40.743362],
            [-73.990848, 40.743331],
            [-73.990688, 40.743264],
            [-73.990678, 40.743259],
            [-73.990611, 40.743231],
            [-73.990629, 40.743206],
            [-73.990758, 40.743029],
            [-73.990834, 40.743061],
            [-73.991069, 40.74316],
            [-73.99105, 40.743188]
          ]
        ]
      },
      "properties": {
        "bin": "1015595",
        "name": null,
        "heightMeters": 42.2,
        "constructionYear": 1907
      }
    },
    {
      "type": "Feature",
      "id": "1015618",
      "geometry": {
        "type": "Polygon",
        "coordinates": [
          [
            [-73.989461, 40.743579],
            [-73.989479, 40.743555],
            [-73.989436, 40.743537],
            [-73.98951, 40.743435],
            [-73.989503, 40.743432],
            [-73.989417, 40.743396],
            [-73.989344, 40.743497],
            [-73.989227, 40.743448],
            [-73.989208, 40.743444],
            [-73.989201, 40.743442],
            [-73.989243, 40.74322],
            [-73.989291, 40.743202],
            [-73.989658, 40.743356],
            [-73.989682, 40.743366],
            [-73.989675, 40.743376],
            [-73.989523, 40.743585],
            [-73.989513, 40.7436],
            [-73.989461, 40.743579]
          ]
        ]
      },
      "properties": {
        "bin": "1015618",
        "name": null,
        "heightMeters": 52,
        "constructionYear": 1897
      }
    },
    {
      "type": "Feature",
      "id": "1080678",
      "geometry": {
        "type": "Polygon",
        "coordinates": [
          [
            [-73.991001, 40.742924],
            [-73.991157, 40.742709],
            [-73.991317, 40.742776],
            [-73.991161, 40.742991],
            [-73.991001, 40.742924]
          ]
        ]
      },
      "properties": {
        "bin": "1080678",
        "name": null,
        "heightMeters": 45.5,
        "constructionYear": 1916
      }
    },
    {
      "type": "Feature",
      "id": "1015602",
      "geometry": {
        "type": "Polygon",
        "coordinates": [
          [
            [-73.989304, 40.742856],
            [-73.989355, 40.742489],
            [-73.989417, 40.742464],
            [-73.989463, 40.742484],
            [-73.989627, 40.742553],
            [-73.989774, 40.742615],
            [-73.989957, 40.742692],
            [-73.989865, 40.742819],
            [-73.989677, 40.742739],
            [-73.989635, 40.742722],
            [-73.989623, 40.742739],
            [-73.989564, 40.74282],
            [-73.989678, 40.742867],
            [-73.989723, 40.742886],
            [-73.989641, 40.742998],
            [-73.989304, 40.742856]
          ]
        ]
      },
      "properties": {
        "bin": "1015602",
        "name": null,
        "heightMeters": 91.4,
        "constructionYear": 2015
      }
    },
    {
      "type": "Feature",
      "id": "1015619",
      "geometry": {
        "type": "Polygon",
        "coordinates": [
          [
            [-73.988698, 40.743037],
            [-73.988748, 40.742967],
            [-73.98875, 40.742964],
            [-73.989017, 40.743073],
            [-73.989015, 40.743081],
            [-73.989, 40.743161],
            [-73.988698, 40.743037]
          ]
        ]
      },
      "properties": {
        "bin": "1015619",
        "name": null,
        "heightMeters": 24.3,
        "constructionYear": 1930
      }
    },
    {
      "type": "Feature",
      "id": "1015615",
      "geometry": {
        "type": "Polygon",
        "coordinates": [
          [
            [-73.990541, 40.743726],
            [-73.990513, 40.743765],
            [-73.990475, 40.743749],
            [-73.990503, 40.74371],
            [-73.990541, 40.743726]
          ]
        ]
      },
      "properties": {
        "bin": "1015615",
        "name": null,
        "heightMeters": 2.7,
        "constructionYear": null
      }
    },
    {
      "type": "Feature",
      "id": "1015566",
      "geometry": {
        "type": "Polygon",
        "coordinates": [
          [
            [-73.989879, 40.741429],
            [-73.990028, 40.741492],
            [-73.990195, 40.741562],
            [-73.990146, 40.74163],
            [-73.989944, 40.741545],
            [-73.989829, 40.741497],
            [-73.989879, 40.741429]
          ]
        ]
      },
      "properties": {
        "bin": "1015566",
        "name": null,
        "heightMeters": 31.1,
        "constructionYear": 1884
      }
    },
    {
      "type": "Feature",
      "id": "1015651",
      "geometry": {
        "type": "Polygon",
        "coordinates": [
          [
            [-73.98816, 40.743795],
            [-73.988209, 40.743726],
            [-73.988299, 40.743764],
            [-73.988393, 40.743804],
            [-73.988405, 40.743787],
            [-73.988622, 40.743879],
            [-73.988605, 40.743901],
            [-73.988545, 40.743876],
            [-73.988499, 40.743938],
            [-73.988286, 40.743848],
            [-73.98816, 40.743795]
          ]
        ]
      },
      "properties": {
        "bin": "1015651",
        "name": null,
        "heightMeters": 21.9,
        "constructionYear": 1912
      }
    },
    {
      "type": "Feature",
      "id": "1015644",
      "geometry": {
        "type": "Polygon",
        "coordinates": [
          [
            [-73.989378, 40.744223],
            [-73.98933, 40.744203],
            [-73.989361, 40.744161],
            [-73.989396, 40.744112],
            [-73.989421, 40.744078],
            [-73.989483, 40.744104],
            [-73.989403, 40.744213],
            [-73.989392, 40.744229],
            [-73.989378, 40.744223]
          ]
        ]
      },
      "properties": {
        "bin": "1015644",
        "name": null,
        "heightMeters": 18,
        "constructionYear": 1850
      }
    },
    {
      "type": "Feature",
      "id": "1015601",
      "geometry": {
        "type": "Polygon",
        "coordinates": [
          [
            [-73.989865, 40.742819],
            [-73.989957, 40.742692],
            [-73.990039, 40.742726],
            [-73.989925, 40.742882],
            [-73.989843, 40.742848],
            [-73.989865, 40.742819]
          ]
        ]
      },
      "properties": {
        "bin": "1015601",
        "name": null,
        "heightMeters": 17.7,
        "constructionYear": 1925
      }
    },
    {
      "type": "Feature",
      "id": "1080672",
      "geometry": {
        "type": "Polygon",
        "coordinates": [
          [
            [-73.990815, 40.741913],
            [-73.990976, 40.741693],
            [-73.991006, 40.741652],
            [-73.990947, 40.741627],
            [-73.990933, 40.741646],
            [-73.990859, 40.741615],
            [-73.990873, 40.741596],
            [-73.990657, 40.741504],
            [-73.990813, 40.741291],
            [-73.991018, 40.741378],
            [-73.991021, 40.741379],
            [-73.991042, 40.741388],
            [-73.991318, 40.741504],
            [-73.991042, 40.741883],
            [-73.990972, 40.741979],
            [-73.990815, 40.741913]
          ]
        ]
      },
      "properties": {
        "bin": "1080672",
        "name": null,
        "heightMeters": 52.5,
        "constructionYear": 1911
      }
    },
    {
      "type": "Feature",
      "id": "1015646",
      "geometry": {
        "type": "Polygon",
        "coordinates": [
          [
            [-73.989087, 40.744132],
            [-73.989098, 40.744071],
            [-73.98937, 40.744109],
            [-73.989361, 40.744161],
            [-73.989087, 40.744132]
          ]
        ]
      },
      "properties": {
        "bin": "1015646",
        "name": null,
        "heightMeters": 19.3,
        "constructionYear": 1854
      }
    },
    {
      "type": "Feature",
      "id": "1086728",
      "geometry": {
        "type": "Polygon",
        "coordinates": [
          [
            [-73.989197, 40.743502],
            [-73.989208, 40.743444],
            [-73.989227, 40.743448],
            [-73.989344, 40.743497],
            [-73.989364, 40.743505],
            [-73.989436, 40.743537],
            [-73.989479, 40.743555],
            [-73.989461, 40.743579],
            [-73.989443, 40.743604],
            [-73.989197, 40.743502]
          ]
        ]
      },
      "properties": {
        "bin": "1086728",
        "name": null,
        "heightMeters": 7.8,
        "constructionYear": 1896
      }
    },
    {
      "type": "Feature",
      "id": "1015630",
      "geometry": {
        "type": "Polygon",
        "coordinates": [
          [
            [-73.990514, 40.74433],
            [-73.990624, 40.744179],
            [-73.990684, 40.744205],
            [-73.990574, 40.744356],
            [-73.990514, 40.74433]
          ]
        ]
      },
      "properties": {
        "bin": "1015630",
        "name": null,
        "heightMeters": 18,
        "constructionYear": 2018
      }
    },
    {
      "type": "Feature",
      "id": "1015642",
      "geometry": {
        "type": "Polygon",
        "coordinates": [
          [
            [-73.989521, 40.744293],
            [-73.989626, 40.744149],
            [-73.989708, 40.744183],
            [-73.989703, 40.74419],
            [-73.98956, 40.744386],
            [-73.989507, 40.744364],
            [-73.98955, 40.744305],
            [-73.989521, 40.744293]
          ]
        ]
      },
      "properties": {
        "bin": "1015642",
        "name": null,
        "heightMeters": 18.4,
        "constructionYear": 1850
      }
    },
    {
      "type": "Feature",
      "id": "1015580",
      "geometry": {
        "type": "Polygon",
        "coordinates": [
          [
            [-73.990304, 40.742628],
            [-73.990413, 40.742478],
            [-73.990474, 40.742393],
            [-73.990498, 40.742362],
            [-73.99049, 40.742336],
            [-73.990431, 40.742311],
            [-73.990569, 40.742121],
            [-73.990845, 40.742238],
            [-73.99088, 40.742252],
            [-73.990742, 40.742443],
            [-73.990712, 40.74243],
            [-73.990704, 40.742441],
            [-73.990671, 40.742486],
            [-73.99065, 40.742515],
            [-73.990663, 40.742521],
            [-73.99052, 40.742718],
            [-73.990304, 40.742628]
          ]
        ]
      },
      "properties": {
        "bin": "1015580",
        "name": null,
        "heightMeters": 29.2,
        "constructionYear": 1881
      }
    },
    {
      "type": "Feature",
      "id": "1015647",
      "geometry": {
        "type": "Polygon",
        "coordinates": [
          [
            [-73.989076, 40.744188],
            [-73.989087, 40.744132],
            [-73.989361, 40.744161],
            [-73.98933, 40.744203],
            [-73.989322, 40.744214],
            [-73.989076, 40.744188]
          ]
        ]
      },
      "properties": {
        "bin": "1015647",
        "name": null,
        "heightMeters": 19.1,
        "constructionYear": 1854
      }
    },
    {
      "type": "Feature",
      "id": "1015626",
      "geometry": {
        "type": "Polygon",
        "coordinates": [
          [
            [-73.98992, 40.744038],
            [-73.990001, 40.743925],
            [-73.990052, 40.743946],
            [-73.990076, 40.743912],
            [-73.990109, 40.743926],
            [-73.989988, 40.744094],
            [-73.989984, 40.7441],
            [-73.989901, 40.744065],
            [-73.98992, 40.744038]
          ]
        ]
      },
      "properties": {
        "bin": "1015626",
        "name": null,
        "heightMeters": 18.8,
        "constructionYear": 1920
      }
    },
    {
      "type": "Feature",
      "id": "1015648",
      "geometry": {
        "type": "Polygon",
        "coordinates": [
          [
            [-73.989068, 40.744236],
            [-73.989075, 40.744198],
            [-73.989076, 40.744188],
            [-73.989322, 40.744214],
            [-73.98933, 40.744203],
            [-73.989378, 40.744223],
            [-73.98937, 40.744268],
            [-73.989075, 40.744237],
            [-73.989068, 40.744236]
          ]
        ]
      },
      "properties": {
        "bin": "1015648",
        "name": null,
        "heightMeters": 15.7,
        "constructionYear": 1850
      }
    },
    {
      "type": "Feature",
      "id": "1015649",
      "geometry": {
        "type": "Polygon",
        "coordinates": [
          [
            [-73.988513, 40.74399],
            [-73.988473, 40.743973],
            [-73.988499, 40.743938],
            [-73.988545, 40.743876],
            [-73.988605, 40.743901],
            [-73.988622, 40.743879],
            [-73.988705, 40.743764],
            [-73.98871, 40.743758],
            [-73.988874, 40.743828],
            [-73.988875, 40.743828],
            [-73.988875, 40.74383],
            [-73.988865, 40.743885],
            [-73.988832, 40.744066],
            [-73.988822, 40.74412],
            [-73.988655, 40.74405],
            [-73.988513, 40.74399]
          ]
        ]
      },
      "properties": {
        "bin": "1015649",
        "name": "Lowell Building",
        "heightMeters": 70.5,
        "constructionYear": 1916
      }
    },
    {
      "type": "Feature",
      "id": "1015564",
      "geometry": {
        "type": "Polygon",
        "coordinates": [
          [
            [-73.989943, 40.741341],
            [-73.989993, 40.741272],
            [-73.990145, 40.741335],
            [-73.990298, 40.7414],
            [-73.99031, 40.741405],
            [-73.990288, 40.741435],
            [-73.990259, 40.741475],
            [-73.990093, 40.741405],
            [-73.989943, 40.741341]
          ]
        ]
      },
      "properties": {
        "bin": "1015564",
        "name": null,
        "heightMeters": 20.5,
        "constructionYear": 1858
      }
    },
    {
      "type": "Feature",
      "id": "1015623",
      "geometry": {
        "type": "Polygon",
        "coordinates": [
          [
            [-73.988513, 40.743319],
            [-73.988525, 40.743301],
            [-73.988511, 40.743295],
            [-73.988542, 40.743252],
            [-73.988557, 40.743258],
            [-73.988564, 40.743248],
            [-73.9886, 40.743263],
            [-73.988951, 40.743406],
            [-73.988934, 40.743491],
            [-73.988598, 40.743354],
            [-73.988513, 40.743319]
          ]
        ]
      },
      "properties": {
        "bin": "1015623",
        "name": null,
        "heightMeters": 49.5,
        "constructionYear": 1902
      }
    },
    {
      "type": "Feature",
      "id": "1015643",
      "geometry": {
        "type": "Polygon",
        "coordinates": [
          [
            [-73.989381, 40.744357],
            [-73.989358, 40.744348],
            [-73.989443, 40.74423],
            [-73.989403, 40.744213],
            [-73.989483, 40.744104],
            [-73.989491, 40.744092],
            [-73.989626, 40.744149],
            [-73.989521, 40.744293],
            [-73.989452, 40.744387],
            [-73.989381, 40.744357]
          ]
        ]
      },
      "properties": {
        "bin": "1015643",
        "name": null,
        "heightMeters": 46.2,
        "constructionYear": 1911
      }
    },
    {
      "type": "Feature",
      "id": "1015645",
      "geometry": {
        "type": "Polygon",
        "coordinates": [
          [
            [-73.98937, 40.744109],
            [-73.989098, 40.744071],
            [-73.98912, 40.743954],
            [-73.98912, 40.743953],
            [-73.98912, 40.743953],
            [-73.98912, 40.743953],
            [-73.98912, 40.743953],
            [-73.98912, 40.743952],
            [-73.989121, 40.743952],
            [-73.989121, 40.743952],
            [-73.989121, 40.743951],
            [-73.989121, 40.743951],
            [-73.989122, 40.743951],
            [-73.989122, 40.74395],
            [-73.989122, 40.74395],
            [-73.989123, 40.74395],
            [-73.989123, 40.743949],
            [-73.989123, 40.743949],
            [-73.989123, 40.743949],
            [-73.989124, 40.743949],
            [-73.989124, 40.743948],
            [-73.989124, 40.743948],
            [-73.989125, 40.743948],
            [-73.989125, 40.743948],
            [-73.989125, 40.743948],
            [-73.989125, 40.743948],
            [-73.989125, 40.743948],
            [-73.989126, 40.743947],
            [-73.989126, 40.743947],
            [-73.989126, 40.743947],
            [-73.989126, 40.743947],
            [-73.989126, 40.743947],
            [-73.989127, 40.743947],
            [-73.989127, 40.743947],
            [-73.989127, 40.743947],
            [-73.989127, 40.743947],
            [-73.989127, 40.743947],
            [-73.989127, 40.743946],
            [-73.989128, 40.743946],
            [-73.989128, 40.743946],
            [-73.989128, 40.743946],
            [-73.989128, 40.743946],
            [-73.989128, 40.743946],
            [-73.989129, 40.743946],
            [-73.989129, 40.743946],
            [-73.989129, 40.743946],
            [-73.98913, 40.743945],
            [-73.98913, 40.743945],
            [-73.98913, 40.743945],
            [-73.989131, 40.743945],
            [-73.989131, 40.743945],
            [-73.989131, 40.743945],
            [-73.989132, 40.743945],
            [-73.989132, 40.743945],
            [-73.989133, 40.743945],
            [-73.989133, 40.743945],
            [-73.989133, 40.743945],
            [-73.989134, 40.743945],
            [-73.989134, 40.743945],
            [-73.989134, 40.743944],
            [-73.989134, 40.743944],
            [-73.989135, 40.743944],
            [-73.989135, 40.743944],
            [-73.989135, 40.743944],
            [-73.989136, 40.743944],
            [-73.989136, 40.743944],
            [-73.989136, 40.743944],
            [-73.989137, 40.743944],
            [-73.989137, 40.743944],
            [-73.989137, 40.743944],
            [-73.989138, 40.743944],
            [-73.989138, 40.743944],
            [-73.989138, 40.743944],
            [-73.989139, 40.743944],
            [-73.989139, 40.743944],
            [-73.98914, 40.743944],
            [-73.98914, 40.743944],
            [-73.98914, 40.743944],
            [-73.989141, 40.743944],
            [-73.98943, 40.744066],
            [-73.989421, 40.744078],
            [-73.989396, 40.744112],
            [-73.98937, 40.744109]
          ]
        ]
      },
      "properties": {
        "bin": "1015645",
        "name": null,
        "heightMeters": 41.1,
        "constructionYear": 1927
      }
    },
    {
      "type": "Feature",
      "id": "1015599",
      "geometry": {
        "type": "Polygon",
        "coordinates": [
          [
            [-73.990242, 40.743016],
            [-73.990305, 40.742929],
            [-73.990356, 40.74286],
            [-73.990442, 40.742896],
            [-73.990371, 40.742993],
            [-73.990327, 40.743053],
            [-73.990242, 40.743016]
          ]
        ]
      },
      "properties": {
        "bin": "1015599",
        "name": null,
        "heightMeters": 17.8,
        "constructionYear": 1920
      }
    },
    {
      "type": "Feature",
      "id": "1015629",
      "geometry": {
        "type": "Polygon",
        "coordinates": [
          [
            [-73.990297, 40.744228],
            [-73.990345, 40.744162],
            [-73.990393, 40.744097],
            [-73.990407, 40.744077],
            [-73.990439, 40.744033],
            [-73.990447, 40.744024],
            [-73.990669, 40.744117],
            [-73.990514, 40.74433],
            [-73.99048, 40.744315],
            [-73.990291, 40.744236],
            [-73.990297, 40.744228]
          ]
        ]
      },
      "properties": {
        "bin": "1015629",
        "name": null,
        "heightMeters": 47.1,
        "constructionYear": 1909
      }
    },
    {
      "type": "Feature",
      "id": "1015617",
      "geometry": {
        "type": "Polygon",
        "coordinates": [
          [
            [-73.989523, 40.743585],
            [-73.989675, 40.743376],
            [-73.989756, 40.743409],
            [-73.989754, 40.743412],
            [-73.989604, 40.743619],
            [-73.989523, 40.743585]
          ]
        ]
      },
      "properties": {
        "bin": "1015617",
        "name": null,
        "heightMeters": 45.6,
        "constructionYear": 1913
      }
    },
    {
      "type": "Feature",
      "id": "1015598",
      "geometry": {
        "type": "Polygon",
        "coordinates": [
          [
            [-73.990376, 40.743131],
            [-73.990295, 40.743097],
            [-73.990327, 40.743053],
            [-73.990371, 40.742993],
            [-73.990442, 40.742896],
            [-73.990599, 40.742962],
            [-73.990493, 40.743109],
            [-73.990453, 40.743163],
            [-73.990376, 40.743131]
          ]
        ]
      },
      "properties": {
        "bin": "1015598",
        "name": null,
        "heightMeters": 45.7,
        "constructionYear": 1910
      }
    },
    {
      "type": "Feature",
      "id": "1080694",
      "geometry": {
        "type": "Polygon",
        "coordinates": [
          [
            [-73.989591, 40.743637],
            [-73.989604, 40.743619],
            [-73.989754, 40.743412],
            [-73.98984, 40.743447],
            [-73.989692, 40.743652],
            [-73.989647, 40.743661],
            [-73.989591, 40.743637]
          ]
        ]
      },
      "properties": {
        "bin": "1080694",
        "name": null,
        "heightMeters": 20,
        "constructionYear": 1900
      }
    },
    {
      "type": "Feature",
      "id": "1015621",
      "geometry": {
        "type": "Polygon",
        "coordinates": [
          [
            [-73.988604, 40.743171],
            [-73.988648, 40.743108],
            [-73.988983, 40.743245],
            [-73.988967, 40.743324],
            [-73.988612, 40.743178],
            [-73.988614, 40.743175],
            [-73.988604, 40.743171]
          ]
        ]
      },
      "properties": {
        "bin": "1015621",
        "name": null,
        "heightMeters": 20.9,
        "constructionYear": 1857
      }
    },
    {
      "type": "Feature",
      "id": "1015563",
      "geometry": {
        "type": "Polygon",
        "coordinates": [
          [
            [-73.989993, 40.741272],
            [-73.990059, 40.741181],
            [-73.990211, 40.741246],
            [-73.990363, 40.74131],
            [-73.990298, 40.7414],
            [-73.990145, 40.741335],
            [-73.989993, 40.741272]
          ]
        ]
      },
      "properties": {
        "bin": "1015563",
        "name": null,
        "heightMeters": 21.9,
        "constructionYear": 1862
      }
    },
    {
      "type": "Feature",
      "id": "1015582",
      "geometry": {
        "type": "Polygon",
        "coordinates": [
          [
            [-73.990251, 40.742273],
            [-73.990409, 40.742054],
            [-73.990489, 40.742088],
            [-73.99033, 40.742306],
            [-73.990251, 40.742273]
          ]
        ]
      },
      "properties": {
        "bin": "1015582",
        "name": null,
        "heightMeters": 18.6,
        "constructionYear": 1862
      }
    },
    {
      "type": "Feature",
      "id": "1015560",
      "geometry": {
        "type": "Polygon",
        "coordinates": [
          [
            [-73.990288, 40.741435],
            [-73.99031, 40.741405],
            [-73.990376, 40.741315],
            [-73.990449, 40.741214],
            [-73.990492, 40.741156],
            [-73.990557, 40.741183],
            [-73.990384, 40.74142],
            [-73.990353, 40.741462],
            [-73.990288, 40.741435]
          ]
        ]
      },
      "properties": {
        "bin": "1015560",
        "name": null,
        "heightMeters": 13.6,
        "constructionYear": 1904
      }
    },
    {
      "type": "Feature",
      "id": "1015583",
      "geometry": {
        "type": "Polygon",
        "coordinates": [
          [
            [-73.989722, 40.742388],
            [-73.989662, 40.742363],
            [-73.989507, 40.742298],
            [-73.989483, 40.742288],
            [-73.989384, 40.742246],
            [-73.989419, 40.742062],
            [-73.989655, 40.741737],
            [-73.989734, 40.741771],
            [-73.990409, 40.742054],
            [-73.990251, 40.742273],
            [-73.990224, 40.742309],
            [-73.990328, 40.742353],
            [-73.99034, 40.742337],
            [-73.990398, 40.742361],
            [-73.990271, 40.742535],
            [-73.990227, 40.742595],
            [-73.990192, 40.742581],
            [-73.990185, 40.742578],
            [-73.990182, 40.742581],
            [-73.990182, 40.742581],
            [-73.989722, 40.742388]
          ]
        ]
      },
      "properties": {
        "bin": "1015583",
        "name": null,
        "heightMeters": 65.7,
        "constructionYear": 1909
      }
    },
    {
      "type": "Feature",
      "id": "1015568",
      "geometry": {
        "type": "Polygon",
        "coordinates": [
          [
            [-73.990253, 40.741675],
            [-73.990395, 40.74148],
            [-73.990415, 40.741452],
            [-73.990503, 40.741489],
            [-73.99034, 40.741713],
            [-73.990253, 40.741675]
          ]
        ]
      },
      "properties": {
        "bin": "1015568",
        "name": null,
        "heightMeters": 22.3,
        "constructionYear": 1857
      }
    },
    {
      "type": "Feature",
      "id": "1015585",
      "geometry": {
        "type": "Polygon",
        "coordinates": [
          [
            [-73.99052, 40.742718],
            [-73.990663, 40.742521],
            [-73.990685, 40.742491],
            [-73.990805, 40.742542],
            [-73.990773, 40.742586],
            [-73.990826, 40.742609],
            [-73.990832, 40.742611],
            [-73.990793, 40.742665],
            [-73.9907, 40.742794],
            [-73.99052, 40.742718]
          ]
        ]
      },
      "properties": {
        "bin": "1015585",
        "name": null,
        "heightMeters": 30.3,
        "constructionYear": 1904
      }
    },
    {
      "type": "Feature",
      "id": "1015612",
      "geometry": {
        "type": "Polygon",
        "coordinates": [
          [
            [-73.990943, 40.743906],
            [-73.990801, 40.744101],
            [-73.990792, 40.744113],
            [-73.990637, 40.744048],
            [-73.990728, 40.743923],
            [-73.990789, 40.74384],
            [-73.990943, 40.743906]
          ]
        ]
      },
      "properties": {
        "bin": "1015612",
        "name": null,
        "heightMeters": 43.5,
        "constructionYear": 1907
      }
    },
    {
      "type": "Feature",
      "id": "1015654",
      "geometry": {
        "type": "Polygon",
        "coordinates": [
          [
            [-73.98807, 40.743918],
            [-73.988263, 40.743999],
            [-73.988388, 40.744052],
            [-73.988408, 40.744024],
            [-73.988469, 40.74405],
            [-73.988491, 40.74402],
            [-73.988513, 40.74399],
            [-73.988655, 40.74405],
            [-73.988822, 40.74412],
            [-73.988816, 40.74415],
            [-73.988801, 40.744226],
            [-73.988795, 40.744259],
            [-73.988779, 40.744341],
            [-73.98877, 40.744382],
            [-73.988755, 40.744388],
            [-73.98875, 40.744389],
            [-73.98873, 40.744396],
            [-73.988438, 40.744272],
            [-73.988228, 40.744184],
            [-73.987959, 40.744071],
            [-73.987968, 40.744058],
            [-73.98807, 40.743918]
          ]
        ]
      },
      "properties": {
        "bin": "1015654",
        "name": "Victoria Building",
        "heightMeters": 86,
        "constructionYear": 1915
      }
    },
    {
      "type": "Feature",
      "id": "1015608",
      "geometry": {
        "type": "Polygon",
        "coordinates": [
          [
            [-73.990668, 40.743578],
            [-73.990773, 40.743434],
            [-73.990783, 40.743433],
            [-73.990802, 40.743429],
            [-73.990834, 40.743386],
            [-73.990969, 40.743443],
            [-73.990903, 40.743534],
            [-73.990823, 40.743643],
            [-73.990668, 40.743578]
          ]
        ]
      },
      "properties": {
        "bin": "1015608",
        "name": null,
        "heightMeters": 63.4,
        "constructionYear": 1913
      }
    },
    {
      "type": "Feature",
      "id": "1015559",
      "geometry": {
        "type": "Polygon",
        "coordinates": [
          [
            [-73.990384, 40.74142],
            [-73.990557, 40.741183],
            [-73.990813, 40.741291],
            [-73.990657, 40.741504],
            [-73.99064, 40.741527],
            [-73.990553, 40.741491],
            [-73.990608, 40.741414],
            [-73.990528, 40.741381],
            [-73.990472, 40.741457],
            [-73.990384, 40.74142]
          ]
        ]
      },
      "properties": {
        "bin": "1015559",
        "name": null,
        "heightMeters": 41.5,
        "constructionYear": 1901
      }
    },
    {
      "type": "Feature",
      "id": "1080686",
      "geometry": {
        "type": "Polygon",
        "coordinates": [
          [
            [-73.990193, 40.743383],
            [-73.9903, 40.743236],
            [-73.990346, 40.743172],
            [-73.990503, 40.743238],
            [-73.99042, 40.743352],
            [-73.990345, 40.743455],
            [-73.990188, 40.743389],
            [-73.990193, 40.743383]
          ]
        ]
      },
      "properties": {
        "bin": "1080686",
        "name": null,
        "heightMeters": 46.7,
        "constructionYear": 1911
      }
    },
    {
      "type": "Feature",
      "id": "1015625",
      "geometry": {
        "type": "Polygon",
        "coordinates": [
          [
            [-73.989197, 40.743502],
            [-73.989443, 40.743604],
            [-73.989386, 40.743683],
            [-73.98947, 40.743718],
            [-73.989543, 40.743617],
            [-73.989591, 40.743637],
            [-73.989647, 40.743661],
            [-73.989669, 40.74367],
            [-73.989501, 40.743902],
            [-73.989158, 40.743758],
            [-73.98915, 40.743755],
            [-73.989197, 40.743502]
          ]
        ]
      },
      "properties": {
        "bin": "1015625",
        "name": "Saint James Building",
        "heightMeters": 68.1,
        "constructionYear": 1896
      }
    },
    {
      "type": "Feature",
      "id": "1015574",
      "geometry": {
        "type": "Polygon",
        "coordinates": [
          [
            [-73.990732, 40.741878],
            [-73.990893, 40.741658],
            [-73.990976, 40.741693],
            [-73.990815, 40.741913],
            [-73.990732, 40.741878]
          ]
        ]
      },
      "properties": {
        "bin": "1015574",
        "name": null,
        "heightMeters": 24.1,
        "constructionYear": 1853
      }
    },
    {
      "type": "Feature",
      "id": "1015588",
      "geometry": {
        "type": "Polygon",
        "coordinates": [
          [
            [-73.990742, 40.742443],
            [-73.99088, 40.742252],
            [-73.99102, 40.742311],
            [-73.990874, 40.742512],
            [-73.990734, 40.742453],
            [-73.990742, 40.742443]
          ]
        ]
      },
      "properties": {
        "bin": "1015588",
        "name": null,
        "heightMeters": 23.2,
        "constructionYear": 1880
      }
    },
    {
      "type": "Feature",
      "id": "1015570",
      "geometry": {
        "type": "Polygon",
        "coordinates": [
          [
            [-73.9904, 40.741738],
            [-73.990563, 40.741514],
            [-73.990566, 40.741511],
            [-73.99063, 40.741538],
            [-73.990465, 40.741765],
            [-73.9904, 40.741738]
          ]
        ]
      },
      "properties": {
        "bin": "1015570",
        "name": null,
        "heightMeters": 20.6,
        "constructionYear": 1857
      }
    },
    {
      "type": "Feature",
      "id": "1015597",
      "geometry": {
        "type": "Polygon",
        "coordinates": [
          [
            [-73.990503, 40.743238],
            [-73.990346, 40.743172],
            [-73.990376, 40.743131],
            [-73.990453, 40.743163],
            [-73.990493, 40.743109],
            [-73.990599, 40.742962],
            [-73.990681, 40.742997],
            [-73.990554, 40.743171],
            [-73.990529, 40.743206],
            [-73.990505, 40.743239],
            [-73.990503, 40.743238]
          ]
        ]
      },
      "properties": {
        "bin": "1015597",
        "name": null,
        "heightMeters": 4.9,
        "constructionYear": 1930
      }
    },
    {
      "type": "Feature",
      "id": "1015606",
      "geometry": {
        "type": "Polygon",
        "coordinates": [
          [
            [-73.990109, 40.743348],
            [-73.990165, 40.74327],
            [-73.990212, 40.743205],
            [-73.990227, 40.743186],
            [-73.99026, 40.74314],
            [-73.990292, 40.743096],
            [-73.990295, 40.743097],
            [-73.990376, 40.743131],
            [-73.990346, 40.743172],
            [-73.9903, 40.743236],
            [-73.990193, 40.743383],
            [-73.990109, 40.743348]
          ]
        ]
      },
      "properties": {
        "bin": "1015606",
        "name": null,
        "heightMeters": 19.5,
        "constructionYear": 1925
      }
    },
    {
      "type": "Feature",
      "id": "1015571",
      "geometry": {
        "type": "Polygon",
        "coordinates": [
          [
            [-73.990465, 40.741765],
            [-73.99063, 40.741538],
            [-73.99072, 40.741576],
            [-73.990555, 40.741803],
            [-73.990465, 40.741765]
          ]
        ]
      },
      "properties": {
        "bin": "1015571",
        "name": null,
        "heightMeters": 19.2,
        "constructionYear": 1854
      }
    },
    {
      "type": "Feature",
      "id": "1015569",
      "geometry": {
        "type": "Polygon",
        "coordinates": [
          [
            [-73.99034, 40.741713],
            [-73.990503, 40.741489],
            [-73.990563, 40.741514],
            [-73.9904, 40.741738],
            [-73.99034, 40.741713]
          ]
        ]
      },
      "properties": {
        "bin": "1015569",
        "name": null,
        "heightMeters": 21,
        "constructionYear": 1875
      }
    },
    {
      "type": "Feature",
      "id": "1080687",
      "geometry": {
        "type": "Polygon",
        "coordinates": [
          [
            [-73.990345, 40.743455],
            [-73.99042, 40.743352],
            [-73.990503, 40.743238],
            [-73.990505, 40.743239],
            [-73.990659, 40.743303],
            [-73.990533, 40.743475],
            [-73.990508, 40.74351],
            [-73.9905, 40.743521],
            [-73.990345, 40.743455]
          ]
        ]
      },
      "properties": {
        "bin": "1080687",
        "name": null,
        "heightMeters": 46.3,
        "constructionYear": 1911
      }
    },
    {
      "type": "Feature",
      "id": "1080695",
      "geometry": {
        "type": "Polygon",
        "coordinates": [
          [
            [-73.990001, 40.743925],
            [-73.98992, 40.744038],
            [-73.989903, 40.74403],
            [-73.989892, 40.744045],
            [-73.989824, 40.744017],
            [-73.98987, 40.743954],
            [-73.989816, 40.743932],
            [-73.989805, 40.743947],
            [-73.989775, 40.743968],
            [-73.989734, 40.743973],
            [-73.989696, 40.743957],
            [-73.989677, 40.743929],
            [-73.989687, 40.743899],
            [-73.98973, 40.743838],
            [-73.989705, 40.743828],
            [-73.989885, 40.743578],
            [-73.98986, 40.743567],
            [-73.989926, 40.743475],
            [-73.990108, 40.743551],
            [-73.990142, 40.743565],
            [-73.990132, 40.743579],
            [-73.990101, 40.743622],
            [-73.990077, 40.743612],
            [-73.989908, 40.743847],
            [-73.990023, 40.743894],
            [-73.990001, 40.743925]
          ]
        ]
      },
      "properties": {
        "bin": "1080695",
        "name": null,
        "heightMeters": 26.9,
        "constructionYear": 1900
      }
    },
    {
      "type": "Feature",
      "id": "1091569",
      "geometry": {
        "type": "Polygon",
        "coordinates": [
          [
            [-73.991153, 40.742374],
            [-73.990952, 40.742652],
            [-73.990963, 40.742656],
            [-73.990824, 40.742849],
            [-73.9907, 40.742794],
            [-73.990832, 40.74261],
            [-73.990771, 40.742586],
            [-73.990804, 40.742539],
            [-73.990844, 40.742556],
            [-73.991016, 40.742313],
            [-73.991153, 40.742374]
          ]
        ]
      },
      "properties": {
        "bin": "1091569",
        "name": null,
        "heightMeters": 83.5,
        "constructionYear": 2019
      }
    },
    {
      "type": "Feature",
      "id": "1015567",
      "geometry": {
        "type": "Polygon",
        "coordinates": [
          [
            [-73.990146, 40.74163],
            [-73.990195, 40.741562],
            [-73.990259, 40.741475],
            [-73.990288, 40.741435],
            [-73.990353, 40.741462],
            [-73.990395, 40.74148],
            [-73.990253, 40.741675],
            [-73.990146, 40.74163]
          ]
        ]
      },
      "properties": {
        "bin": "1015567",
        "name": null,
        "heightMeters": 21,
        "constructionYear": 1859
      }
    },
    {
      "type": "Feature",
      "id": "1015600",
      "geometry": {
        "type": "Polygon",
        "coordinates": [
          [
            [-73.990044, 40.742991],
            [-73.990183, 40.7428],
            [-73.990191, 40.74279],
            [-73.990356, 40.74286],
            [-73.990305, 40.742929],
            [-73.990242, 40.743016],
            [-73.990209, 40.743061],
            [-73.990044, 40.742991]
          ]
        ]
      },
      "properties": {
        "bin": "1015600",
        "name": null,
        "heightMeters": 41.3,
        "constructionYear": 1906
      }
    },
    {
      "type": "Feature",
      "id": "1015594",
      "geometry": {
        "type": "Polygon",
        "coordinates": [
          [
            [-73.991079, 40.743392],
            [-73.991084, 40.743384],
            [-73.991102, 40.74336],
            [-73.991121, 40.743356],
            [-73.991147, 40.743319],
            [-73.991145, 40.7433],
            [-73.991171, 40.743265],
            [-73.991206, 40.743218],
            [-73.991262, 40.743241],
            [-73.991274, 40.743246],
            [-73.991271, 40.74325],
            [-73.991138, 40.743432],
            [-73.99113, 40.743443],
            [-73.991118, 40.74346],
            [-73.99105, 40.743431],
            [-73.991079, 40.743392]
          ]
        ]
      },
      "properties": {
        "bin": "1015594",
        "name": null,
        "heightMeters": 26.4,
        "constructionYear": 1910
      }
    },
    {
      "type": "Feature",
      "id": "1015609",
      "geometry": {
        "type": "Polygon",
        "coordinates": [
          [
            [-73.990823, 40.743643],
            [-73.990903, 40.743534],
            [-73.990969, 40.743443],
            [-73.991301, 40.743582],
            [-73.991182, 40.743745],
            [-73.991155, 40.743783],
            [-73.990823, 40.743643]
          ]
        ]
      },
      "properties": {
        "bin": "1015609",
        "name": null,
        "heightMeters": 46.5,
        "constructionYear": 1913
      }
    },
    {
      "type": "Feature",
      "id": "1015650",
      "geometry": {
        "type": "Polygon",
        "coordinates": [
          [
            [-73.988209, 40.743726],
            [-73.988301, 40.743601],
            [-73.988305, 40.743595],
            [-73.988705, 40.743764],
            [-73.988622, 40.743879],
            [-73.988405, 40.743787],
            [-73.988393, 40.743804],
            [-73.988299, 40.743764],
            [-73.988209, 40.743726]
          ]
        ]
      },
      "properties": {
        "bin": "1015650",
        "name": null,
        "heightMeters": 74.2,
        "constructionYear": 1912
      }
    },
    {
      "type": "Feature",
      "id": "1015628",
      "geometry": {
        "type": "Polygon",
        "coordinates": [
          [
            [-73.990439, 40.744033],
            [-73.990407, 40.744077],
            [-73.990393, 40.744097],
            [-73.990369, 40.744095],
            [-73.990328, 40.74415],
            [-73.990345, 40.744162],
            [-73.990297, 40.744228],
            [-73.990214, 40.744193],
            [-73.990262, 40.744127],
            [-73.99028, 40.74413],
            [-73.99032, 40.744075],
            [-73.99031, 40.744062],
            [-73.990356, 40.743998],
            [-73.990394, 40.744014],
            [-73.990439, 40.744033]
          ]
        ]
      },
      "properties": {
        "bin": "1015628",
        "name": null,
        "heightMeters": 23.9,
        "constructionYear": 1925
      }
    },
    {
      "type": "Feature",
      "id": "1015622",
      "geometry": {
        "type": "Polygon",
        "coordinates": [
          [
            [-73.988564, 40.743248],
            [-73.988561, 40.743247],
            [-73.988563, 40.743244],
            [-73.988543, 40.743236],
            [-73.98855, 40.743225],
            [-73.988592, 40.743166],
            [-73.988604, 40.743171],
            [-73.988614, 40.743175],
            [-73.988612, 40.743178],
            [-73.988967, 40.743324],
            [-73.988951, 40.743406],
            [-73.9886, 40.743263],
            [-73.988564, 40.743248]
          ]
        ]
      },
      "properties": {
        "bin": "1015622",
        "name": null,
        "heightMeters": 30,
        "constructionYear": 1894
      }
    },
    {
      "type": "Feature",
      "id": "1015572",
      "geometry": {
        "type": "Polygon",
        "coordinates": [
          [
            [-73.990555, 40.741803],
            [-73.99072, 40.741576],
            [-73.990808, 40.741613],
            [-73.990642, 40.74184],
            [-73.990555, 40.741803]
          ]
        ]
      },
      "properties": {
        "bin": "1015572",
        "name": null,
        "heightMeters": 19.3,
        "constructionYear": 1854
      }
    },
    {
      "type": "Feature",
      "id": "1015611",
      "geometry": {
        "type": "Polygon",
        "coordinates": [
          [
            [-73.990949, 40.74418],
            [-73.990808, 40.74412],
            [-73.990792, 40.744113],
            [-73.990801, 40.744101],
            [-73.990943, 40.743906],
            [-73.991262, 40.74404],
            [-73.99111, 40.744248],
            [-73.990949, 40.74418]
          ]
        ]
      },
      "properties": {
        "bin": "1015611",
        "name": null,
        "heightMeters": 43.1,
        "constructionYear": 1909
      }
    },
    {
      "type": "Feature",
      "id": "1084652",
      "geometry": {
        "type": "Polygon",
        "coordinates": [
          [
            [-73.990943, 40.743334],
            [-73.990978, 40.743286],
            [-73.99105, 40.743188],
            [-73.991185, 40.743244],
            [-73.99117, 40.743264],
            [-73.991171, 40.743265],
            [-73.991145, 40.7433],
            [-73.991102, 40.74336],
            [-73.991084, 40.743384],
            [-73.991079, 40.743392],
            [-73.990943, 40.743334]
          ]
        ]
      },
      "properties": {
        "bin": "1084652",
        "name": null,
        "heightMeters": 49.4,
        "constructionYear": 2006
      }
    },
    {
      "type": "Feature",
      "id": "1015604",
      "geometry": {
        "type": "Polygon",
        "coordinates": [
          [
            [-73.989304, 40.742856],
            [-73.989641, 40.742998],
            [-73.989722, 40.743032],
            [-73.989803, 40.742921],
            [-73.989875, 40.742951],
            [-73.989877, 40.742948],
            [-73.989925, 40.742882],
            [-73.990039, 40.742726],
            [-73.990163, 40.742779],
            [-73.990191, 40.74279],
            [-73.990183, 40.7428],
            [-73.990044, 40.742991],
            [-73.990027, 40.743015],
            [-73.990062, 40.74303],
            [-73.990038, 40.743062],
            [-73.989978, 40.743144],
            [-73.990032, 40.743167],
            [-73.990011, 40.743195],
            [-73.989949, 40.74328],
            [-73.989945, 40.743287],
            [-73.989268, 40.743002],
            [-73.98929, 40.74285],
            [-73.989304, 40.742856]
          ]
        ]
      },
      "properties": {
        "bin": "1015604",
        "name": null,
        "heightMeters": 50.3,
        "constructionYear": 1914
      }
    },
    {
      "type": "Feature",
      "id": "1015584",
      "geometry": {
        "type": "Polygon",
        "coordinates": [
          [
            [-73.990227, 40.742595],
            [-73.990271, 40.742535],
            [-73.990398, 40.742361],
            [-73.990474, 40.742393],
            [-73.990413, 40.742478],
            [-73.990304, 40.742628],
            [-73.990227, 40.742595]
          ]
        ]
      },
      "properties": {
        "bin": "1015584",
        "name": null,
        "heightMeters": 10.1,
        "constructionYear": 1860
      }
    },
    {
      "type": "Feature",
      "id": "1015605",
      "geometry": {
        "type": "Polygon",
        "coordinates": [
          [
            [-73.989949, 40.74328],
            [-73.990011, 40.743195],
            [-73.990052, 40.743213],
            [-73.990093, 40.743157],
            [-73.990057, 40.743142],
            [-73.99009, 40.743096],
            [-73.990105, 40.743076],
            [-73.990145, 40.743092],
            [-73.990151, 40.743084],
            [-73.990227, 40.743116],
            [-73.990221, 40.743124],
            [-73.99026, 40.74314],
            [-73.990227, 40.743186],
            [-73.990212, 40.743205],
            [-73.99017, 40.743188],
            [-73.990123, 40.743253],
            [-73.990165, 40.74327],
            [-73.990109, 40.743348],
            [-73.989949, 40.74328]
          ]
        ]
      },
      "properties": {
        "bin": "1015605",
        "name": "Arlington Hotel",
        "heightMeters": 43.1,
        "constructionYear": 1920
      }
    },
    {
      "type": "Feature",
      "id": "1015620",
      "geometry": {
        "type": "Polygon",
        "coordinates": [
          [
            [-73.988648, 40.743108],
            [-73.988698, 40.743037],
            [-73.989, 40.743161],
            [-73.988983, 40.743245],
            [-73.988648, 40.743108]
          ]
        ]
      },
      "properties": {
        "bin": "1015620",
        "name": null,
        "heightMeters": 19.1,
        "constructionYear": 1913
      }
    },
    {
      "type": "Feature",
      "id": "1016294",
      "geometry": {
        "type": "Polygon",
        "coordinates": [
          [
            [-73.987641, 40.740574],
            [-73.987794, 40.740363],
            [-73.987856, 40.740389],
            [-73.987868, 40.740395],
            [-73.987853, 40.740415],
            [-73.987715, 40.740605],
            [-73.987641, 40.740574]
          ]
        ]
      },
      "properties": {
        "bin": "1016294",
        "name": null,
        "heightMeters": 46,
        "constructionYear": 1912
      }
    },
    {
      "type": "Feature",
      "id": "1016288",
      "geometry": {
        "type": "Polygon",
        "coordinates": [
          [
            [-73.987161, 40.740379],
            [-73.987313, 40.740169],
            [-73.987391, 40.740202],
            [-73.987238, 40.740411],
            [-73.987178, 40.740386],
            [-73.987161, 40.740379]
          ]
        ]
      },
      "properties": {
        "bin": "1016288",
        "name": null,
        "heightMeters": 30.5,
        "constructionYear": 1905
      }
    },
    {
      "type": "Feature",
      "id": "1016278",
      "geometry": {
        "type": "Polygon",
        "coordinates": [
          [
            [-73.989566, 40.741307],
            [-73.989562, 40.741307],
            [-73.989524, 40.741363],
            [-73.989522, 40.741365],
            [-73.98952, 40.741365],
            [-73.989517, 40.741366],
            [-73.989514, 40.741365],
            [-73.989512, 40.741364],
            [-73.98951, 40.741363],
            [-73.989508, 40.741361],
            [-73.989507, 40.741359],
            [-73.989517, 40.741299],
            [-73.989516, 40.741298],
            [-73.989512, 40.741295],
            [-73.989508, 40.741291],
            [-73.989503, 40.741273],
            [-73.989504, 40.741269],
            [-73.989571, 40.740785],
            [-73.989573, 40.740781],
            [-73.989576, 40.740778],
            [-73.989579, 40.740775],
            [-73.989583, 40.740773],
            [-73.989587, 40.740771],
            [-73.989592, 40.740769],
            [-73.989597, 40.740768],
            [-73.989602, 40.740768],
            [-73.989606, 40.740768],
            [-73.989607, 40.740768],
            [-73.989611, 40.740769],
            [-73.989616, 40.74077],
            [-73.989621, 40.740772],
            [-73.989628, 40.740775],
            [-73.989856, 40.740872],
            [-73.989861, 40.740875],
            [-73.989864, 40.740879],
            [-73.989867, 40.740882],
            [-73.98987, 40.740886],
            [-73.989872, 40.74089],
            [-73.989873, 40.740895],
            [-73.989873, 40.740899],
            [-73.989872, 40.740903],
            [-73.989871, 40.740908],
            [-73.989869, 40.740912],
            [-73.989866, 40.740916],
            [-73.989586, 40.741297],
            [-73.989581, 40.7413],
            [-73.989577, 40.741303],
            [-73.989571, 40.741305],
            [-73.989566, 40.741307]
          ]
        ]
      },
      "properties": {
        "bin": "1016278",
        "name": "Flatiron Building",
        "heightMeters": 91.5,
        "constructionYear": 1903
      }
    },
    {
      "type": "Feature",
      "id": "1016279",
      "geometry": {
        "type": "Polygon",
        "coordinates": [
          [
            [-73.988604, 40.740637],
            [-73.98875, 40.740437],
            [-73.988832, 40.740472],
            [-73.988703, 40.740648],
            [-73.988686, 40.740672],
            [-73.988621, 40.740644],
            [-73.988604, 40.740637]
          ]
        ]
      },
      "properties": {
        "bin": "1016279",
        "name": null,
        "heightMeters": 33.8,
        "constructionYear": 1901
      }
    },
    {
      "type": "Feature",
      "id": "1080765",
      "geometry": {
        "type": "Polygon",
        "coordinates": [
          [
            [-73.989656, 40.740302],
            [-73.989663, 40.74025],
            [-73.989854, 40.740265],
            [-73.989859, 40.740266],
            [-73.989933, 40.740298],
            [-73.989861, 40.740463],
            [-73.989772, 40.740426],
            [-73.989786, 40.740312],
            [-73.989656, 40.740302]
          ]
        ]
      },
      "properties": {
        "bin": "1080765",
        "name": null,
        "heightMeters": 11.6,
        "constructionYear": 1846
      }
    },
    {
      "type": "Feature",
      "id": "1016277",
      "geometry": {
        "type": "Polygon",
        "coordinates": [
          [
            [-73.988881, 40.740274],
            [-73.989002, 40.740112],
            [-73.989052, 40.740134],
            [-73.9891, 40.740069],
            [-73.989343, 40.740174],
            [-73.989262, 40.740428],
            [-73.989261, 40.740431],
            [-73.989259, 40.740434],
            [-73.989257, 40.740437],
            [-73.989253, 40.740439],
            [-73.989249, 40.74044],
            [-73.989245, 40.740441],
            [-73.989241, 40.740441],
            [-73.989228, 40.740437],
            [-73.98902, 40.740348],
            [-73.988955, 40.74032],
            [-73.988956, 40.74032],
            [-73.988964, 40.740309],
            [-73.988881, 40.740274]
          ]
        ]
      },
      "properties": {
        "bin": "1016277",
        "name": null,
        "heightMeters": 26.2,
        "constructionYear": 1900
      }
    },
    {
      "type": "Feature",
      "id": "1016292",
      "geometry": {
        "type": "Polygon",
        "coordinates": [
          [
            [-73.98748, 40.740506],
            [-73.987636, 40.740292],
            [-73.987707, 40.740322],
            [-73.987551, 40.740536],
            [-73.98748, 40.740506]
          ]
        ]
      },
      "properties": {
        "bin": "1016292",
        "name": null,
        "heightMeters": 24.9,
        "constructionYear": 1915
      }
    },
    {
      "type": "Feature",
      "id": "1016282",
      "geometry": {
        "type": "Polygon",
        "coordinates": [
          [
            [-73.987923, 40.740368],
            [-73.987974, 40.740298],
            [-73.988019, 40.740236],
            [-73.988072, 40.740163],
            [-73.988177, 40.740207],
            [-73.98803, 40.740409],
            [-73.988023, 40.740419],
            [-73.988021, 40.740422],
            [-73.987962, 40.740397],
            [-73.987969, 40.740387],
            [-73.987923, 40.740368]
          ]
        ]
      },
      "properties": {
        "bin": "1016282",
        "name": null,
        "heightMeters": 26.1,
        "constructionYear": 1904
      }
    },
    {
      "type": "Feature",
      "id": "1795006",
      "geometry": {
        "type": "Polygon",
        "coordinates": [
          [
            [-73.986625, 40.741084],
            [-73.986627, 40.741082],
            [-73.986663, 40.741097],
            [-73.986661, 40.7411],
            [-73.986639, 40.74113],
            [-73.986611, 40.741169],
            [-73.986582, 40.741208],
            [-73.986556, 40.741244],
            [-73.986555, 40.741245],
            [-73.986519, 40.74123],
            [-73.986521, 40.741227],
            [-73.986546, 40.741192],
            [-73.986574, 40.741154],
            [-73.986602, 40.741115],
            [-73.986625, 40.741084]
          ]
        ]
      },
      "properties": {
        "bin": "1795006",
        "name": null,
        "heightMeters": 134.7,
        "constructionYear": 2016
      }
    },
    {
      "type": "Feature",
      "id": "1016280",
      "geometry": {
        "type": "Polygon",
        "coordinates": [
          [
            [-73.988377, 40.740555],
            [-73.988297, 40.740522],
            [-73.988249, 40.740502],
            [-73.988137, 40.740454],
            [-73.98829, 40.740244],
            [-73.988322, 40.740257],
            [-73.988519, 40.74034],
            [-73.988744, 40.740435],
            [-73.98875, 40.740437],
            [-73.988604, 40.740637],
            [-73.988596, 40.740648],
            [-73.988462, 40.740591],
            [-73.988377, 40.740555]
          ]
        ]
      },
      "properties": {
        "bin": "1016280",
        "name": null,
        "heightMeters": 45.6,
        "constructionYear": 1911
      }
    },
    {
      "type": "Feature",
      "id": "1016300",
      "geometry": {
        "type": "Polygon",
        "coordinates": [
          [
            [-73.988118, 40.740768],
            [-73.98823, 40.740614],
            [-73.988255, 40.740579],
            [-73.988263, 40.740568],
            [-73.988284, 40.74054],
            [-73.988297, 40.740522],
            [-73.988377, 40.740555],
            [-73.988344, 40.7406],
            [-73.988275, 40.740694],
            [-73.988194, 40.740807],
            [-73.988114, 40.740773],
            [-73.988118, 40.740768]
          ],
          [
            [-73.988274, 40.740591],
            [-73.988265, 40.740588],
            [-73.988247, 40.740614],
            [-73.988287, 40.740629],
            [-73.988297, 40.740633],
            [-73.988314, 40.740607],
            [-73.988274, 40.740591]
          ]
        ]
      },
      "properties": {
        "bin": "1016300",
        "name": null,
        "heightMeters": 19.9,
        "constructionYear": 1900
      }
    },
    {
      "type": "Feature",
      "id": "1080766",
      "geometry": {
        "type": "Polygon",
        "coordinates": [
          [
            [-73.989648, 40.740362],
            [-73.989656, 40.740302],
            [-73.989786, 40.740312],
            [-73.989779, 40.740373],
            [-73.989648, 40.740362]
          ]
        ]
      },
      "properties": {
        "bin": "1080766",
        "name": null,
        "heightMeters": 11.6,
        "constructionYear": 1846
      }
    },
    {
      "type": "Feature",
      "id": "1016290",
      "geometry": {
        "type": "Polygon",
        "coordinates": [
          [
            [-73.987311, 40.740442],
            [-73.987441, 40.740263],
            [-73.987484, 40.740281],
            [-73.987525, 40.740223],
            [-73.987568, 40.740241],
            [-73.987556, 40.740258],
            [-73.987503, 40.740331],
            [-73.98748, 40.740364],
            [-73.9874, 40.740473],
            [-73.987396, 40.740478],
            [-73.987311, 40.740442]
          ]
        ]
      },
      "properties": {
        "bin": "1016290",
        "name": null,
        "heightMeters": 17.9,
        "constructionYear": 1920
      }
    },
    {
      "type": "Feature",
      "id": "1080767",
      "geometry": {
        "type": "Polygon",
        "coordinates": [
          [
            [-73.989648, 40.740362],
            [-73.989779, 40.740373],
            [-73.989772, 40.740426],
            [-73.989771, 40.740425],
            [-73.98964, 40.740415],
            [-73.989648, 40.740362]
          ]
        ]
      },
      "properties": {
        "bin": "1080767",
        "name": null,
        "heightMeters": 12.9,
        "constructionYear": 1846
      }
    },
    {
      "type": "Feature",
      "id": "1016265",
      "geometry": {
        "type": "Polygon",
        "coordinates": [
          [
            [-73.988798, 40.740238],
            [-73.988949, 40.740034],
            [-73.988965, 40.740013],
            [-73.988966, 40.740012],
            [-73.988966, 40.740012],
            [-73.989049, 40.740047],
            [-73.989002, 40.740112],
            [-73.988881, 40.740274],
            [-73.988874, 40.740284],
            [-73.988874, 40.740284],
            [-73.98879, 40.740248],
            [-73.988791, 40.740248],
            [-73.988798, 40.740238]
          ]
        ]
      },
      "properties": {
        "bin": "1016265",
        "name": null,
        "heightMeters": 18.6,
        "constructionYear": 1910
      }
    },
    {
      "type": "Feature",
      "id": "1016289",
      "geometry": {
        "type": "Polygon",
        "coordinates": [
          [
            [-73.987238, 40.740411],
            [-73.987391, 40.740202],
            [-73.9874, 40.740188],
            [-73.987473, 40.740219],
            [-73.987441, 40.740263],
            [-73.987311, 40.740442],
            [-73.987238, 40.740411]
          ]
        ]
      },
      "properties": {
        "bin": "1016289",
        "name": null,
        "heightMeters": 20.3,
        "constructionYear": 1925
      }
    },
    {
      "type": "Feature",
      "id": "1016266",
      "geometry": {
        "type": "Polygon",
        "coordinates": [
          [
            [-73.98964, 40.740415],
            [-73.989771, 40.740425],
            [-73.989862, 40.740463],
            [-73.990099, 40.740563],
            [-73.989967, 40.740745],
            [-73.989615, 40.740597],
            [-73.98964, 40.740415]
          ]
        ]
      },
      "properties": {
        "bin": "1016266",
        "name": null,
        "heightMeters": 27.6,
        "constructionYear": 1862
      }
    },
    {
      "type": "Feature",
      "id": "1016730",
      "geometry": {
        "type": "Polygon",
        "coordinates": [
          [
            [-73.987819, 40.740324],
            [-73.987938, 40.740161],
            [-73.987968, 40.740119],
            [-73.988072, 40.740163],
            [-73.988019, 40.740236],
            [-73.987997, 40.740237],
            [-73.987962, 40.740285],
            [-73.987974, 40.740298],
            [-73.987923, 40.740368],
            [-73.987865, 40.740344],
            [-73.987819, 40.740324]
          ]
        ]
      },
      "properties": {
        "bin": "1016730",
        "name": null,
        "heightMeters": 41.8,
        "constructionYear": 1902
      }
    },
    {
      "type": "Feature",
      "id": "1016296",
      "geometry": {
        "type": "Polygon",
        "coordinates": [
          [
            [-73.987864, 40.740548],
            [-73.987967, 40.740407],
            [-73.988044, 40.740439],
            [-73.988045, 40.74044],
            [-73.988045, 40.74044],
            [-73.987908, 40.740628],
            [-73.987876, 40.740673],
            [-73.987831, 40.740654],
            [-73.987797, 40.74064],
            [-73.987864, 40.740548]
          ]
        ]
      },
      "properties": {
        "bin": "1016296",
        "name": null,
        "heightMeters": 9.1,
        "constructionYear": 1928
      }
    },
    {
      "type": "Feature",
      "id": "1016302",
      "geometry": {
        "type": "Polygon",
        "coordinates": [
          [
            [-73.988268, 40.740838],
            [-73.988418, 40.740631],
            [-73.988431, 40.740613],
            [-73.988454, 40.740623],
            [-73.988513, 40.740648],
            [-73.988486, 40.740685],
            [-73.988419, 40.740776],
            [-73.98835, 40.740872],
            [-73.988268, 40.740838]
          ]
        ]
      },
      "properties": {
        "bin": "1016302",
        "name": null,
        "heightMeters": 16.2,
        "constructionYear": 1920
      }
    },
    {
      "type": "Feature",
      "id": "1016304",
      "geometry": {
        "type": "Polygon",
        "coordinates": [
          [
            [-73.988523, 40.740915],
            [-73.988556, 40.740869],
            [-73.98863, 40.740768],
            [-73.988668, 40.740784],
            [-73.988677, 40.740772],
            [-73.988681, 40.740767],
            [-73.988712, 40.74078],
            [-73.9887, 40.740797],
            [-73.988842, 40.740857],
            [-73.988852, 40.740843],
            [-73.988864, 40.740848],
            [-73.988943, 40.74074],
            [-73.988904, 40.740723],
            [-73.988933, 40.740684],
            [-73.988966, 40.740639],
            [-73.989009, 40.740657],
            [-73.989019, 40.740643],
            [-73.98905, 40.740656],
            [-73.98904, 40.74067],
            [-73.989138, 40.740711],
            [-73.989127, 40.740748],
            [-73.989128, 40.740749],
            [-73.989148, 40.740752],
            [-73.989141, 40.740777],
            [-73.98912, 40.740773],
            [-73.989119, 40.740773],
            [-73.989097, 40.740843],
            [-73.989098, 40.740843],
            [-73.989119, 40.740847],
            [-73.989112, 40.740872],
            [-73.98909, 40.740868],
            [-73.98909, 40.740868],
            [-73.989059, 40.740968],
            [-73.98906, 40.740968],
            [-73.989081, 40.740972],
            [-73.989073, 40.740997],
            [-73.989053, 40.740993],
            [-73.989051, 40.740993],
            [-73.989029, 40.741063],
            [-73.989031, 40.741063],
            [-73.989051, 40.741067],
            [-73.989044, 40.74109],
            [-73.989024, 40.741087],
            [-73.989022, 40.741086],
            [-73.989012, 40.74112],
            [-73.988882, 40.741065],
            [-73.988871, 40.741079],
            [-73.988848, 40.74107],
            [-73.988858, 40.741055],
            [-73.988736, 40.741004],
            [-73.988733, 40.741009],
            [-73.988726, 40.741018],
            [-73.9887, 40.741007],
            [-73.988709, 40.740995],
            [-73.98871, 40.740993],
            [-73.988695, 40.740987],
            [-73.988587, 40.740942],
            [-73.988577, 40.740956],
            [-73.988553, 40.740946],
            [-73.988563, 40.740932],
            [-73.988523, 40.740915]
          ]
        ]
      },
      "properties": {
        "bin": "1016304",
        "name": "Madison Green Condos",
        "heightMeters": 86.9,
        "constructionYear": 1985
      }
    },
    {
      "type": "Feature",
      "id": "1016283",
      "geometry": {
        "type": "Polygon",
        "coordinates": [
          [
            [-73.987692, 40.740202],
            [-73.987743, 40.740133],
            [-73.987754, 40.740117],
            [-73.987803, 40.74005],
            [-73.987811, 40.740038],
            [-73.987961, 40.740101],
            [-73.987976, 40.740108],
            [-73.987968, 40.740119],
            [-73.987938, 40.740161],
            [-73.987819, 40.740324],
            [-73.987646, 40.740251],
            [-73.987673, 40.740213],
            [-73.987682, 40.740217],
            [-73.987692, 40.740202]
          ]
        ]
      },
      "properties": {
        "bin": "1016283",
        "name": null,
        "heightMeters": 45.7,
        "constructionYear": 1907
      }
    },
    {
      "type": "Feature",
      "id": "1016303",
      "geometry": {
        "type": "Polygon",
        "coordinates": [
          [
            [-73.98835, 40.740872],
            [-73.988419, 40.740776],
            [-73.988486, 40.740685],
            [-73.988592, 40.740729],
            [-73.988632, 40.740746],
            [-73.988642, 40.74075],
            [-73.98863, 40.740768],
            [-73.988556, 40.740869],
            [-73.988523, 40.740915],
            [-73.988506, 40.740938],
            [-73.98835, 40.740872]
          ]
        ]
      },
      "properties": {
        "bin": "1016303",
        "name": null,
        "heightMeters": 22.1,
        "constructionYear": 1910
      }
    },
    {
      "type": "Feature",
      "id": "1016301",
      "geometry": {
        "type": "Polygon",
        "coordinates": [
          [
            [-73.988194, 40.740807],
            [-73.988275, 40.740694],
            [-73.988344, 40.7406],
            [-73.988418, 40.740631],
            [-73.988268, 40.740838],
            [-73.988248, 40.740829],
            [-73.988194, 40.740807]
          ]
        ]
      },
      "properties": {
        "bin": "1016301",
        "name": null,
        "heightMeters": 28.7,
        "constructionYear": 1900
      }
    },
    {
      "type": "Feature",
      "id": "1016293",
      "geometry": {
        "type": "Polygon",
        "coordinates": [
          [
            [-73.987551, 40.740536],
            [-73.987707, 40.740322],
            [-73.987713, 40.740313],
            [-73.987803, 40.740351],
            [-73.987794, 40.740363],
            [-73.987641, 40.740574],
            [-73.987551, 40.740536]
          ]
        ]
      },
      "properties": {
        "bin": "1016293",
        "name": null,
        "heightMeters": 6.4,
        "constructionYear": 1938
      }
    },
    {
      "type": "Feature",
      "id": "1016291",
      "geometry": {
        "type": "Polygon",
        "coordinates": [
          [
            [-73.9874, 40.740473],
            [-73.98748, 40.740364],
            [-73.987513, 40.740378],
            [-73.987537, 40.740345],
            [-73.987503, 40.740331],
            [-73.987556, 40.740258],
            [-73.987636, 40.740292],
            [-73.98748, 40.740506],
            [-73.9874, 40.740473]
          ]
        ]
      },
      "properties": {
        "bin": "1016291",
        "name": null,
        "heightMeters": 38,
        "constructionYear": 1905
      }
    },
    {
      "type": "Feature",
      "id": "1087769",
      "geometry": {
        "type": "Polygon",
        "coordinates": [
          [
            [-73.988025, 40.740421],
            [-73.988075, 40.740353],
            [-73.988072, 40.740351],
            [-73.988177, 40.740207],
            [-73.988184, 40.740197],
            [-73.988192, 40.740186],
            [-73.9883, 40.740231],
            [-73.98829, 40.740244],
            [-73.98818, 40.740396],
            [-73.988179, 40.740396],
            [-73.988137, 40.740454],
            [-73.988297, 40.740522],
            [-73.988114, 40.740773],
            [-73.987874, 40.740672],
            [-73.98805, 40.740432],
            [-73.988025, 40.740421]
          ]
        ]
      },
      "properties": {
        "bin": "1087769",
        "name": null,
        "heightMeters": 190.5,
        "constructionYear": 2008
      }
    },
    {
      "type": "Feature",
      "id": "1088749",
      "geometry": {
        "type": "Polygon",
        "coordinates": [
          [
            [-73.986663, 40.741097],
            [-73.986627, 40.741082],
            [-73.986118, 40.740867],
            [-73.986092, 40.740856],
            [-73.986093, 40.740856],
            [-73.986435, 40.740385],
            [-73.986739, 40.740513],
            [-73.986711, 40.740551],
            [-73.987037, 40.740688],
            [-73.98744, 40.740858],
            [-73.987468, 40.74082],
            [-73.987763, 40.740944],
            [-73.987773, 40.740948],
            [-73.987751, 40.740978],
            [-73.987555, 40.741247],
            [-73.987283, 40.741132],
            [-73.987165, 40.741308],
            [-73.986799, 40.741154],
            [-73.986663, 40.741097]
          ]
        ]
      },
      "properties": {
        "bin": "1088749",
        "name": null,
        "heightMeters": 71,
        "constructionYear": 1932
      }
    },
    {
      "type": "Feature",
      "id": "1016295",
      "geometry": {
        "type": "Polygon",
        "coordinates": [
          [
            [-73.987715, 40.740605],
            [-73.987853, 40.740415],
            [-73.987868, 40.740395],
            [-73.987884, 40.740372],
            [-73.987967, 40.740407],
            [-73.987864, 40.740548],
            [-73.987797, 40.74064],
            [-73.987715, 40.740605]
          ]
        ]
      },
      "properties": {
        "bin": "1016295",
        "name": null,
        "heightMeters": 4,
        "constructionYear": 1942
      }
    },
    {
      "type": "Feature",
      "id": "1016241",
      "geometry": {
        "type": "Polygon",
        "coordinates": [
          [
            [-73.989933, 40.740298],
            [-73.989859, 40.740266],
            [-73.989854, 40.740265],
            [-73.989663, 40.74025],
            [-73.989672, 40.740188],
            [-73.989795, 40.740198],
            [-73.98998, 40.740273],
            [-73.989955, 40.740308],
            [-73.989933, 40.740298]
          ]
        ]
      },
      "properties": {
        "bin": "1016241",
        "name": null,
        "heightMeters": 19.3,
        "constructionYear": 1858
      }
    },
    {
      "type": "Feature",
      "id": "1015535",
      "geometry": {
        "type": "Polygon",
        "coordinates": [
          [
            [-73.990467, 40.740623],
            [-73.990516, 40.740556],
            [-73.990831, 40.740688],
            [-73.990782, 40.740755],
            [-73.990467, 40.740623]
          ]
        ]
      },
      "properties": {
        "bin": "1015535",
        "name": null,
        "heightMeters": 19.6,
        "constructionYear": 1910
      }
    },
    {
      "type": "Feature",
      "id": "1015500",
      "geometry": {
        "type": "Polygon",
        "coordinates": [
          [
            [-73.990887, 40.740041],
            [-73.99105, 40.740109],
            [-73.991188, 40.740167],
            [-73.991169, 40.740193],
            [-73.991253, 40.740229],
            [-73.991214, 40.740282],
            [-73.991284, 40.740311],
            [-73.991181, 40.740453],
            [-73.991068, 40.740405],
            [-73.990727, 40.740262],
            [-73.99074, 40.740242],
            [-73.990887, 40.740041]
          ]
        ]
      },
      "properties": {
        "bin": "1015500",
        "name": null,
        "heightMeters": 42.2,
        "constructionYear": 1900
      }
    },
    {
      "type": "Feature",
      "id": "1090231",
      "geometry": {
        "type": "Polygon",
        "coordinates": [
          [
            [-73.991498, 40.740775],
            [-73.991342, 40.74099],
            [-73.991295, 40.741056],
            [-73.991308, 40.741062],
            [-73.991318, 40.741066],
            [-73.991179, 40.741257],
            [-73.990739, 40.74107],
            [-73.990912, 40.740831],
            [-73.990993, 40.740865],
            [-73.991162, 40.740633],
            [-73.991439, 40.74075],
            [-73.991498, 40.740775]
          ]
        ]
      },
      "properties": {
        "bin": "1090231",
        "name": null,
        "heightMeters": 43.9,
        "constructionYear": 2017
      }
    },
    {
      "type": "Feature",
      "id": "1015561",
      "geometry": {
        "type": "Polygon",
        "coordinates": [
          [
            [-73.990132, 40.741081],
            [-73.990175, 40.741023],
            [-73.990175, 40.741022],
            [-73.990204, 40.741034],
            [-73.990236, 40.741048],
            [-73.990492, 40.741156],
            [-73.990449, 40.741214],
            [-73.990295, 40.741149],
            [-73.990132, 40.741081]
          ]
        ]
      },
      "properties": {
        "bin": "1015561",
        "name": null,
        "heightMeters": 23.9,
        "constructionYear": 1930
      }
    },
    {
      "type": "Feature",
      "id": "1016240",
      "geometry": {
        "type": "Polygon",
        "coordinates": [
          [
            [-73.989862, 40.740463],
            [-73.989969, 40.740314],
            [-73.990207, 40.740414],
            [-73.990099, 40.740563],
            [-73.989862, 40.740463]
          ]
        ]
      },
      "properties": {
        "bin": "1016240",
        "name": null,
        "heightMeters": 31.3,
        "constructionYear": 1894
      }
    },
    {
      "type": "Feature",
      "id": "1015534",
      "geometry": {
        "type": "Polygon",
        "coordinates": [
          [
            [-73.990831, 40.740688],
            [-73.990516, 40.740556],
            [-73.990505, 40.740552],
            [-73.990615, 40.7404],
            [-73.990624, 40.740398],
            [-73.99063, 40.740396],
            [-73.990657, 40.740408],
            [-73.990727, 40.740437],
            [-73.990841, 40.740485],
            [-73.991015, 40.740557],
            [-73.991088, 40.740588],
            [-73.991085, 40.740593],
            [-73.991081, 40.740599],
            [-73.990928, 40.740809],
            [-73.990853, 40.740777],
            [-73.990897, 40.740716],
            [-73.990831, 40.740688]
          ]
        ]
      },
      "properties": {
        "bin": "1015534",
        "name": null,
        "heightMeters": 46,
        "constructionYear": 1930
      }
    },
    {
      "type": "Feature",
      "id": "1015537",
      "geometry": {
        "type": "Polygon",
        "coordinates": [
          [
            [-73.990332, 40.74081],
            [-73.990423, 40.740684],
            [-73.990768, 40.740828],
            [-73.990727, 40.740884],
            [-73.990676, 40.740955],
            [-73.990453, 40.740861],
            [-73.990332, 40.74081]
          ]
        ]
      },
      "properties": {
        "bin": "1015537",
        "name": null,
        "heightMeters": 21.4,
        "constructionYear": 1940
      }
    },
    {
      "type": "Feature",
      "id": "1015562",
      "geometry": {
        "type": "Polygon",
        "coordinates": [
          [
            [-73.990363, 40.74131],
            [-73.990211, 40.741246],
            [-73.990059, 40.741181],
            [-73.990132, 40.741081],
            [-73.990295, 40.741149],
            [-73.990449, 40.741214],
            [-73.990376, 40.741315],
            [-73.990363, 40.74131]
          ]
        ]
      },
      "properties": {
        "bin": "1015562",
        "name": null,
        "heightMeters": 23.5,
        "constructionYear": 1900
      }
    },
    {
      "type": "Feature",
      "id": "1015538",
      "geometry": {
        "type": "Polygon",
        "coordinates": [
          [
            [-73.990332, 40.74081],
            [-73.990453, 40.740861],
            [-73.990676, 40.740955],
            [-73.990701, 40.740965],
            [-73.990669, 40.741009],
            [-73.990647, 40.740999],
            [-73.990629, 40.741024],
            [-73.990367, 40.740914],
            [-73.990273, 40.740874],
            [-73.990272, 40.740874],
            [-73.990272, 40.740873],
            [-73.990321, 40.740806],
            [-73.990332, 40.74081]
          ]
        ]
      },
      "properties": {
        "bin": "1015538",
        "name": null,
        "heightMeters": 54.3,
        "constructionYear": 1898
      }
    },
    {
      "type": "Feature",
      "id": "1015539",
      "geometry": {
        "type": "Polygon",
        "coordinates": [
          [
            [-73.990919, 40.740822],
            [-73.990912, 40.740831],
            [-73.990866, 40.740895],
            [-73.990739, 40.74107],
            [-73.990739, 40.74107],
            [-73.990662, 40.741037],
            [-73.99077, 40.740887],
            [-73.990841, 40.74079],
            [-73.990919, 40.740822]
          ]
        ]
      },
      "properties": {
        "bin": "1015539",
        "name": null,
        "heightMeters": 43.2,
        "constructionYear": 1903
      }
    },
    {
      "type": "Feature",
      "id": "1016239",
      "geometry": {
        "type": "Polygon",
        "coordinates": [
          [
            [-73.989969, 40.740314],
            [-73.989955, 40.740308],
            [-73.98998, 40.740273],
            [-73.989795, 40.740198],
            [-73.989672, 40.740188],
            [-73.989696, 40.740015],
            [-73.99031, 40.740273],
            [-73.990207, 40.740414],
            [-73.989969, 40.740314]
          ]
        ]
      },
      "properties": {
        "bin": "1016239",
        "name": null,
        "heightMeters": 61.6,
        "constructionYear": 1918
      }
    },
    {
      "type": "Feature",
      "id": "1015536",
      "geometry": {
        "type": "Polygon",
        "coordinates": [
          [
            [-73.990423, 40.740684],
            [-73.990467, 40.740623],
            [-73.990782, 40.740755],
            [-73.990812, 40.740767],
            [-73.990768, 40.740828],
            [-73.990423, 40.740684]
          ]
        ]
      },
      "properties": {
        "bin": "1015536",
        "name": null,
        "heightMeters": 23.6,
        "constructionYear": 1910
      }
    },
    {
      "type": "Feature",
      "id": "1015533",
      "geometry": {
        "type": "Polygon",
        "coordinates": [
          [
            [-73.990912, 40.740831],
            [-73.990919, 40.740822],
            [-73.990928, 40.740809],
            [-73.991081, 40.740599],
            [-73.991162, 40.740633],
            [-73.99116, 40.740635],
            [-73.990993, 40.740865],
            [-73.990912, 40.740831]
          ]
        ]
      },
      "properties": {
        "bin": "1015533",
        "name": null,
        "heightMeters": 17.6,
        "constructionYear": 1851
      }
    },
    {
      "type": "Feature",
      "id": "1016743",
      "geometry": {
        "type": "Polygon",
        "coordinates": [
          [
            [-73.986636, 40.742392],
            [-73.986491, 40.742331],
            [-73.986549, 40.742251],
            [-73.986546, 40.74225],
            [-73.986446, 40.742207],
            [-73.986388, 40.742287],
            [-73.986264, 40.742235],
            [-73.986233, 40.742222],
            [-73.986287, 40.742147],
            [-73.986397, 40.741995],
            [-73.986781, 40.742157],
            [-73.986859, 40.742189],
            [-73.986851, 40.7422],
            [-73.986866, 40.742207],
            [-73.986811, 40.742283],
            [-73.986796, 40.742276],
            [-73.986694, 40.742416],
            [-73.986636, 40.742392]
          ]
        ]
      },
      "properties": {
        "bin": "1016743",
        "name": "New York State Supreme Court",
        "heightMeters": 23,
        "constructionYear": 1899
      }
    },
    {
      "type": "Feature",
      "id": "1016881",
      "geometry": {
        "type": "Polygon",
        "coordinates": [
          [
            [-73.986492, 40.743137],
            [-73.986585, 40.743176],
            [-73.986665, 40.743066],
            [-73.986751, 40.742949],
            [-73.98694, 40.743029],
            [-73.986601, 40.743493],
            [-73.986599, 40.743496],
            [-73.986597, 40.743498],
            [-73.986568, 40.743486],
            [-73.986315, 40.743379],
            [-73.986317, 40.743376],
            [-73.986492, 40.743137]
          ]
        ]
      },
      "properties": {
        "bin": "1016881",
        "name": null,
        "heightMeters": 53.8,
        "constructionYear": 1910
      }
    },
    {
      "type": "Feature",
      "id": "1016741",
      "geometry": {
        "type": "Polygon",
        "coordinates": [
          [
            [-73.987165, 40.741308],
            [-73.987283, 40.741132],
            [-73.987555, 40.741247],
            [-73.98743, 40.74142],
            [-73.987165, 40.741308]
          ]
        ]
      },
      "properties": {
        "bin": "1016741",
        "name": null,
        "heightMeters": 182.9,
        "constructionYear": 1909
      }
    },
    {
      "type": "Feature",
      "id": "1016894",
      "geometry": {
        "type": "Polygon",
        "coordinates": [
          [
            [-73.986164, 40.744124],
            [-73.986169, 40.744118],
            [-73.986255, 40.744002],
            [-73.986341, 40.743885],
            [-73.986371, 40.743846],
            [-73.986525, 40.743912],
            [-73.98657, 40.74385],
            [-73.986525, 40.743831],
            [-73.98658, 40.743756],
            [-73.986627, 40.743776],
            [-73.986674, 40.743712],
            [-73.98684, 40.743783],
            [-73.986966, 40.743837],
            [-73.986922, 40.743895],
            [-73.986781, 40.744086],
            [-73.986769, 40.744081],
            [-73.98672, 40.744148],
            [-73.98679, 40.744178],
            [-73.986738, 40.744247],
            [-73.986627, 40.744199],
            [-73.986556, 40.744295],
            [-73.986399, 40.744228],
            [-73.986401, 40.744225],
            [-73.986164, 40.744124]
          ]
        ]
      },
      "properties": {
        "bin": "1016894",
        "name": null,
        "heightMeters": 47.1,
        "constructionYear": 1912
      }
    },
    {
      "type": "Feature",
      "id": "1016749",
      "geometry": {
        "type": "Polygon",
        "coordinates": [
          [
            [-73.986006, 40.742211],
            [-73.986053, 40.742147],
            [-73.986151, 40.742188],
            [-73.986233, 40.742222],
            [-73.986264, 40.742235],
            [-73.986388, 40.742287],
            [-73.986417, 40.7423],
            [-73.986491, 40.742331],
            [-73.986636, 40.742392],
            [-73.986529, 40.74254],
            [-73.98645, 40.742507],
            [-73.986415, 40.742556],
            [-73.986085, 40.742417],
            [-73.986045, 40.7424],
            [-73.98608, 40.742352],
            [-73.985945, 40.742295],
            [-73.986006, 40.742211]
          ]
        ]
      },
      "properties": {
        "bin": "1016749",
        "name": null,
        "heightMeters": 166.8,
        "constructionYear": 1971
      }
    },
    {
      "type": "Feature",
      "id": "1016750",
      "geometry": {
        "type": "Polygon",
        "coordinates": [
          [
            [-73.985971, 40.742012],
            [-73.986054, 40.741898],
            [-73.986273, 40.741991],
            [-73.986191, 40.742104],
            [-73.986173, 40.742096],
            [-73.986063, 40.74205],
            [-73.985971, 40.742012]
          ]
        ]
      },
      "properties": {
        "bin": "1016750",
        "name": null,
        "heightMeters": 123.4,
        "constructionYear": 1987
      }
    },
    {
      "type": "Feature",
      "id": "1016886",
      "geometry": {
        "type": "Polygon",
        "coordinates": [
          [
            [-73.986922, 40.743895],
            [-73.986966, 40.743837],
            [-73.987146, 40.743914],
            [-73.987103, 40.743972],
            [-73.98707, 40.743958],
            [-73.986949, 40.744121],
            [-73.986834, 40.744071],
            [-73.986955, 40.743908],
            [-73.986922, 40.743895]
          ]
        ]
      },
      "properties": {
        "bin": "1016886",
        "name": null,
        "heightMeters": 45.4,
        "constructionYear": 1905
      }
    },
    {
      "type": "Feature",
      "id": "1016740",
      "geometry": {
        "type": "Polygon",
        "coordinates": [
          [
            [-73.988102, 40.741489],
            [-73.988179, 40.741473],
            [-73.988202, 40.741468],
            [-73.988218, 40.741465],
            [-73.988248, 40.74155],
            [-73.988231, 40.741553],
            [-73.988207, 40.741558],
            [-73.988131, 40.741574],
            [-73.988102, 40.741489]
          ]
        ]
      },
      "properties": {
        "bin": "1016740",
        "name": null,
        "heightMeters": 5,
        "constructionYear": 1906
      }
    },
    {
      "type": "Feature",
      "id": "1089338",
      "geometry": {
        "type": "Polygon",
        "coordinates": [
          [
            [-73.986601, 40.743493],
            [-73.98694, 40.743029],
            [-73.987037, 40.74307],
            [-73.98691, 40.743244],
            [-73.986824, 40.743362],
            [-73.986702, 40.743528],
            [-73.986698, 40.743534],
            [-73.986601, 40.743493]
          ]
        ]
      },
      "properties": {
        "bin": "1089338",
        "name": null,
        "heightMeters": 25.3,
        "constructionYear": 1924
      }
    },
    {
      "type": "Feature",
      "id": "1016876",
      "geometry": {
        "type": "Polygon",
        "coordinates": [
          [
            [-73.986965, 40.743639],
            [-73.987089, 40.743471],
            [-73.9871, 40.743475],
            [-73.987135, 40.74349],
            [-73.987221, 40.743371],
            [-73.987175, 40.743352],
            [-73.987206, 40.743309],
            [-73.9873, 40.743181],
            [-73.987485, 40.74326],
            [-73.987391, 40.743388],
            [-73.987357, 40.743374],
            [-73.987271, 40.743493],
            [-73.987305, 40.743507],
            [-73.987214, 40.743631],
            [-73.987151, 40.743717],
            [-73.986965, 40.743639]
          ]
        ]
      },
      "properties": {
        "bin": "1016876",
        "name": null,
        "heightMeters": 84.5,
        "constructionYear": 1913
      }
    },
    {
      "type": "Feature",
      "id": "1016899",
      "geometry": {
        "type": "Polygon",
        "coordinates": [
          [
            [-73.98564, 40.744314],
            [-73.985638, 40.744313],
            [-73.98567, 40.744269],
            [-73.985766, 40.74414],
            [-73.985769, 40.744136],
            [-73.985995, 40.744233],
            [-73.986063, 40.744262],
            [-73.985997, 40.744351],
            [-73.985981, 40.744372],
            [-73.985889, 40.744333],
            [-73.98584, 40.744399],
            [-73.98564, 40.744314]
          ]
        ]
      },
      "properties": {
        "bin": "1016899",
        "name": null,
        "heightMeters": 39.1,
        "constructionYear": 1923
      }
    },
    {
      "type": "Feature",
      "id": "1016892",
      "geometry": {
        "type": "Polygon",
        "coordinates": [
          [
            [-73.985947, 40.74387],
            [-73.985998, 40.743801],
            [-73.986033, 40.743753],
            [-73.986041, 40.743756],
            [-73.986068, 40.743768],
            [-73.986341, 40.743885],
            [-73.986255, 40.744002],
            [-73.985947, 40.74387]
          ]
        ]
      },
      "properties": {
        "bin": "1016892",
        "name": null,
        "heightMeters": 46.1,
        "constructionYear": 1911
      }
    },
    {
      "type": "Feature",
      "id": "1016877",
      "geometry": {
        "type": "Polygon",
        "coordinates": [
          [
            [-73.986702, 40.743528],
            [-73.986824, 40.743362],
            [-73.986873, 40.743382],
            [-73.986959, 40.743264],
            [-73.98691, 40.743244],
            [-73.987037, 40.74307],
            [-73.987092, 40.743093],
            [-73.9873, 40.743181],
            [-73.987206, 40.743309],
            [-73.987162, 40.74329],
            [-73.987133, 40.743329],
            [-73.987044, 40.743452],
            [-73.987089, 40.743471],
            [-73.986965, 40.743639],
            [-73.986702, 40.743528]
          ]
        ]
      },
      "properties": {
        "bin": "1016877",
        "name": null,
        "heightMeters": 84.6,
        "constructionYear": 1912
      }
    },
    {
      "type": "Feature",
      "id": "1016883",
      "geometry": {
        "type": "Polygon",
        "coordinates": [
          [
            [-73.987162, 40.744103],
            [-73.987181, 40.744077],
            [-73.98714, 40.74406],
            [-73.987175, 40.744013],
            [-73.987421, 40.744119],
            [-73.987489, 40.744148],
            [-73.987436, 40.74422],
            [-73.987346, 40.744182],
            [-73.987162, 40.744103]
          ]
        ]
      },
      "properties": {
        "bin": "1016883",
        "name": null,
        "heightMeters": 27.3,
        "constructionYear": 1912
      }
    },
    {
      "type": "Feature",
      "id": "1016895",
      "geometry": {
        "type": "Polygon",
        "coordinates": [
          [
            [-73.986556, 40.744295],
            [-73.986627, 40.744199],
            [-73.986738, 40.744247],
            [-73.98679, 40.744178],
            [-73.98672, 40.744148],
            [-73.986769, 40.744081],
            [-73.986781, 40.744086],
            [-73.986951, 40.744159],
            [-73.986902, 40.744226],
            [-73.986885, 40.744219],
            [-73.986839, 40.744281],
            [-73.986868, 40.744294],
            [-73.986805, 40.744378],
            [-73.986802, 40.744382],
            [-73.986798, 40.744388],
            [-73.986792, 40.744397],
            [-73.986776, 40.74439],
            [-73.986556, 40.744295]
          ]
        ]
      },
      "properties": {
        "bin": "1016895",
        "name": "Latham Hotel",
        "heightMeters": 46.5,
        "constructionYear": 1904
      }
    },
    {
      "type": "Feature",
      "id": "1087536",
      "geometry": {
        "type": "Polygon",
        "coordinates": [
          [
            [-73.985947, 40.74387],
            [-73.986255, 40.744002],
            [-73.986169, 40.744118],
            [-73.986164, 40.744124],
            [-73.98616, 40.744122],
            [-73.985994, 40.744051],
            [-73.985856, 40.743992],
            [-73.985947, 40.74387]
          ]
        ]
      },
      "properties": {
        "bin": "1087536",
        "name": null,
        "heightMeters": 54.3,
        "constructionYear": 1911
      }
    },
    {
      "type": "Feature",
      "id": "1087100",
      "geometry": {
        "type": "Polygon",
        "coordinates": [
          [
            [-73.986492, 40.743137],
            [-73.986564, 40.743038],
            [-73.986659, 40.742908],
            [-73.986672, 40.742914],
            [-73.986675, 40.74291],
            [-73.986742, 40.742938],
            [-73.986738, 40.742944],
            [-73.986751, 40.742949],
            [-73.986665, 40.743066],
            [-73.986585, 40.743176],
            [-73.986492, 40.743137]
          ]
        ]
      },
      "properties": {
        "bin": "1087100",
        "name": null,
        "heightMeters": 47.2,
        "constructionYear": 1910
      }
    },
    {
      "type": "Feature",
      "id": "1016887",
      "geometry": {
        "type": "Polygon",
        "coordinates": [
          [
            [-73.986172, 40.74358],
            [-73.986216, 40.743521],
            [-73.986356, 40.743581],
            [-73.986516, 40.743649],
            [-73.986472, 40.743709],
            [-73.986278, 40.743626],
            [-73.986172, 40.74358]
          ]
        ]
      },
      "properties": {
        "bin": "1016887",
        "name": "The Madison Hotel",
        "heightMeters": 41.4,
        "constructionYear": 1903
      }
    },
    {
      "type": "Feature",
      "id": "1016882",
      "geometry": {
        "type": "Polygon",
        "coordinates": [
          [
            [-73.987175, 40.744013],
            [-73.987228, 40.743942],
            [-73.987405, 40.744018],
            [-73.987543, 40.744077],
            [-73.987489, 40.744148],
            [-73.987421, 40.744119],
            [-73.987175, 40.744013]
          ]
        ]
      },
      "properties": {
        "bin": "1016882",
        "name": null,
        "heightMeters": 19.3,
        "constructionYear": 1850
      }
    },
    {
      "type": "Feature",
      "id": "1016885",
      "geometry": {
        "type": "Polygon",
        "coordinates": [
          [
            [-73.987103, 40.743972],
            [-73.987146, 40.743914],
            [-73.987147, 40.743913],
            [-73.98715, 40.743908],
            [-73.987228, 40.743942],
            [-73.987175, 40.744013],
            [-73.98714, 40.74406],
            [-73.987069, 40.744156],
            [-73.986991, 40.744123],
            [-73.987103, 40.743972]
          ]
        ]
      },
      "properties": {
        "bin": "1016885",
        "name": null,
        "heightMeters": 19.2,
        "constructionYear": 1891
      }
    },
    {
      "type": "Feature",
      "id": "1087263",
      "geometry": {
        "type": "Polygon",
        "coordinates": [
          [
            [-73.987151, 40.743717],
            [-73.987214, 40.743631],
            [-73.987305, 40.743507],
            [-73.987391, 40.743388],
            [-73.987485, 40.74326],
            [-73.987811, 40.743398],
            [-73.987817, 40.74339],
            [-73.987953, 40.743448],
            [-73.987985, 40.743461],
            [-73.987764, 40.743764],
            [-73.9877, 40.743851],
            [-73.987645, 40.743926],
            [-73.987616, 40.743914],
            [-73.98723, 40.743751],
            [-73.987151, 40.743717]
          ],
          [
            [-73.987722, 40.743518],
            [-73.987507, 40.743432],
            [-73.987421, 40.743557],
            [-73.987636, 40.743643],
            [-73.987722, 40.743518]
          ]
        ]
      },
      "properties": {
        "bin": "1087263",
        "name": null,
        "heightMeters": 50,
        "constructionYear": 1907
      }
    },
    {
      "type": "Feature",
      "id": "1016884",
      "geometry": {
        "type": "Polygon",
        "coordinates": [
          [
            [-73.987062, 40.744223],
            [-73.987153, 40.744099],
            [-73.987162, 40.744103],
            [-73.987346, 40.744182],
            [-73.987436, 40.74422],
            [-73.987344, 40.744344],
            [-73.987175, 40.744271],
            [-73.987062, 40.744223]
          ]
        ]
      },
      "properties": {
        "bin": "1016884",
        "name": null,
        "heightMeters": 72.5,
        "constructionYear": 2012
      }
    },
    {
      "type": "Feature",
      "id": "1088910",
      "geometry": {
        "type": "Polygon",
        "coordinates": [
          [
            [-73.986519, 40.74123],
            [-73.986555, 40.741245],
            [-73.986704, 40.741308],
            [-73.98732, 40.741567],
            [-73.986983, 40.742031],
            [-73.986918, 40.742003],
            [-73.986484, 40.74182],
            [-73.985761, 40.741516],
            [-73.98565, 40.741469],
            [-73.985987, 40.741006],
            [-73.986519, 40.74123]
          ]
        ]
      },
      "properties": {
        "bin": "1088910",
        "name": null,
        "heightMeters": 134.7,
        "constructionYear": 1932
      }
    },
    {
      "type": "Feature",
      "id": "1016888",
      "geometry": {
        "type": "Polygon",
        "coordinates": [
          [
            [-73.986341, 40.743885],
            [-73.986068, 40.743768],
            [-73.986041, 40.743756],
            [-73.986172, 40.74358],
            [-73.986278, 40.743626],
            [-73.986472, 40.743709],
            [-73.986516, 40.743649],
            [-73.986519, 40.743645],
            [-73.986674, 40.743712],
            [-73.986627, 40.743776],
            [-73.98658, 40.743756],
            [-73.986525, 40.743831],
            [-73.98657, 40.74385],
            [-73.986525, 40.743912],
            [-73.986371, 40.743846],
            [-73.986341, 40.743885]
          ]
        ]
      },
      "properties": {
        "bin": "1016888",
        "name": null,
        "heightMeters": 52.9,
        "constructionYear": 1910
      }
    }
  ]
}
